return-date,order-id,sku,quantity,fulfillment-center-id,detailed-disposition,reason,status,license-plate-number,customer-comments
2019-07-30T14:10:50+00:00,114-6131725-3728219,HM0731-Z-40,1,IND8,SELLABLE,APPAREL_STYLE,Unit returned to inventory,LPNN282162098,
2019-07-30T13:09:21+00:00,113-2906144-3530636,HM0759-1039,1,SDF9,SELLABLE,APPAREL_TOO_LARGE,Unit returned to inventory,LPNRR773612748,
2019-07-30T03:45:44+00:00,111-4119368-4457005,HM0738-139,1,LEX1,SELLABLE,APPAREL_TOO_SMALL,Unit returned to inventory,LPNRR749050399,
2019-07-30T02:28:13+00:00,112-7672921-1387419,HM0731-H-35,1,LAS2,SELLABLE,APPAREL_TOO_SMALL,Unit returned to inventory,LPNRR730836392,
2019-07-30T00:42:59+00:00,114-7179656-1155405,HM0701-H-41,1,LEX2,SELLABLE,APPAREL_TOO_SMALL,Unit returned to inventory,LPNRR751746525,
2019-07-30T00:02:56+00:00,112-3472440-8914653,HM0701-R-40,1,IND8,CUSTOMER_DAMAGED,APPAREL_TOO_LARGE,IMMEDIATE_DISPOSAL,LPNN267155227,
2019-07-29T22:32:30+00:00,112-0555518-7569850,HM0751-237,1,LAS2,SELLABLE,APPAREL_TOO_SMALL,Unit returned to inventory,LPNRR760488707,
2019-07-29T17:31:10+00:00,114-2332394-0173843,HM0737-Z-36,1,LAS2,SELLABLE,UNWANTED_ITEM,Unit returned to inventory,LPNRR693882514,
2019-07-29T16:04:10+00:00,113-0727762-5741042,HM0722-X-39,1,SDF9,SELLABLE,APPAREL_TOO_SMALL,Unit returned to inventory,LPNRR780703371,
2019-07-29T15:14:21+00:00,111-5437308-6620236,HM0505-1745/46,1,SDF9,SELLABLE,MISORDERED,Unit returned to inventory,LPNRR780405541,"Transparency app unable to verify ,very bulky"
2019-07-29T15:14:21+00:00,111-2239377-6433867,HM0505-1739/40,1,SDF9,SELLABLE,NOT_AS_DESCRIBED,Unit returned to inventory,LPNRR780405540,Bulky & awkward to walk
2019-07-29T14:49:34+00:00,111-3610298-5518663,HM0731-Z-39,1,MIA7,SELLABLE,APPAREL_STYLE,Unit returned to inventory,LPNRR667376248,
2019-07-29T14:29:19+00:00,112-3106813-2967433,HM0738-140,1,LAS2,SELLABLE,APPAREL_TOO_SMALL,Unit returned to inventory,LPNRR746206612,
2019-07-29T14:03:11+00:00,111-3909076-3373019,HM0903-1630,1,LEX1,SELLABLE,APPAREL_TOO_SMALL,Unit returned to inventory,LPNRR753886051,
2019-07-29T10:33:23+00:00,114-6345364-4082624,HM0731-Z-40,1,SDF9,SELLABLE,MISSED_ESTIMATED_DELIVERY,Unit returned to inventory,LPNRR779943466,
2019-07-29T06:26:25+00:00,114-8268346-1215438,HM0801-2045,1,SDF9,SELLABLE,APPAREL_TOO_SMALL,Unit returned to inventory,LPNRR527666777,
2019-07-29T05:43:43+00:00,111-3100659-7619408,HM0731-Z-40,1,SDF9,SELLABLE,APPAREL_STYLE,Unit returned to inventory,LPNRR773527572,
2019-07-29T05:43:43+00:00,111-3100659-7619408,HM0731-Z-41,1,SDF9,SELLABLE,APPAREL_STYLE,Unit returned to inventory,LPNRR773527571,
2019-07-29T01:34:04+00:00,111-8679403-3797845,HM0701-X-41,1,SDF9,SELLABLE,APPAREL_TOO_SMALL,Unit returned to inventory,LPNRR773016818,
2019-07-28T23:29:58+00:00,114-2498611-2793011,HM0719-1238,1,SDF9,SELLABLE,ORDERED_WRONG_ITEM,Unit returned to inventory,LPNRR779882852,
2019-07-28T19:31:57+00:00,112-0852126-8514631,HM0701-2137,1,IND8,SELLABLE,ORDERED_WRONG_ITEM,Unit returned to inventory,LPNN276058879,
2019-07-28T13:35:00+00:00,111-9914348-1402600,HM0701-B-41,1,SDF9,SELLABLE,APPAREL_STYLE,Unit returned to inventory,LPNRR773109370,too heavy
2019-07-28T11:53:14+00:00,113-4161054-9943400,HM0722-L-39,1,LAS2,SELLABLE,APPAREL_STYLE,Unit returned to inventory,LPNRR761580294,
2019-07-28T06:34:45+00:00,111-9495885-7516200,HM0742-2239,1,LAS2,SELLABLE,MISSED_ESTIMATED_DELIVERY,Unit returned to inventory,LPNRR761383960,
2019-07-28T04:27:06+00:00,113-7889911-0281013,HM0701-H-38,1,SDF9,SELLABLE,APPAREL_TOO_SMALL,Unit returned to inventory,LPNRR780658931,
2019-07-28T04:27:06+00:00,113-7889911-0281013,HM0701-H-39,1,SDF9,SELLABLE,APPAREL_TOO_LARGE,Unit returned to inventory,LPNRR780658930,
2019-07-28T03:01:09+00:00,111-1661171-8984256,HM0803-3244,1,LEX2,SELLABLE,APPAREL_TOO_SMALL,Unit returned to inventory,LPNRR750977595,
2019-07-28T01:34:23+00:00,113-2431376-0637804,HM0701-R-36,1,LEX2,SELLABLE,APPAREL_TOO_SMALL,Unit returned to inventory,LPNRR744806753,
2019-07-28T01:22:19+00:00,113-1480372-8081001,HM0701-F-39,1,BUF9,SELLABLE,APPAREL_STYLE,Unit returned to inventory,LPNRR652560398,
2019-07-28T00:38:22+00:00,114-8606270-0122630,HM0741-0241,1,LEX2,SELLABLE,UNDELIVERABLE_UNKNOWN,Unit returned to inventory,LPNRR750675782,
2019-07-28T00:16:11+00:00,113-9512972-5618663,HM0731-Y-41,1,LEX2,SELLABLE,APPAREL_TOO_SMALL,Unit returned to inventory,LPNRR737342639,
2019-07-27T23:22:11+00:00,113-2016664-5321819,HM0731-H-41,1,SDF9,SELLABLE,MISORDERED,Unit returned to inventory,LPNRR773023893,
2019-07-27T22:57:11+00:00,112-8162151-8825042,HM0701-B-37,1,SDF9,SELLABLE,SWITCHEROO,Unit returned to inventory,LPNRR780735213,I ordered size 8 and was sent size 5.
2019-07-27T22:56:35+00:00,111-8926886-8625054,HM0722-H-40,1,LEX1,SELLABLE,APPAREL_TOO_SMALL,Unit returned to inventory,LPNRR754452288,
2019-07-27T18:26:55+00:00,111-8635068-3399432,HM0737-Z-38,1,MOB9,SELLABLE,APPAREL_TOO_SMALL,Unit returned to inventory,LPNRR669457777,strap tight
2019-07-27T18:26:55+00:00,111-8879558-6061818,HM0737-F-38,1,MOB9,SELLABLE,APPAREL_TOO_SMALL,Unit returned to inventory,LPNRR669457776,strap hurts
2019-07-27T11:49:06+00:00,111-8350047-7485828,HM0722-B-40,1,LEX1,SELLABLE,APPAREL_STYLE,Unit returned to inventory,LPNRR753244834,
2019-07-27T07:00:04+00:00,112-8503423-1717846,HM0505-1737/38,1,HIO9,CUSTOMER_DAMAGED,QUALITY_UNACCEPTABLE,IMMEDIATE_DISPOSAL,LPNRR591473408,
2019-07-27T04:16:36+00:00,111-2971009-0265832,HM0752-3139,1,LAS2,SELLABLE,APPAREL_TOO_SMALL,Unit returned to inventory,LPNRR738251276,
2019-07-27T03:15:03+00:00,112-4873960-0001805,HM0701-1240,1,LAS2,SELLABLE,NOT_AS_DESCRIBED,Unit returned to inventory,LPNRR759977289,Color different from website
2019-07-27T01:21:42+00:00,111-7037427-2155410,HM0722-L-39,1,RIC9,CUSTOMER_DAMAGED,UNWANTED_ITEM,IMMEDIATE_DISPOSAL,LPNRR733438744,
2019-07-27T01:08:13+00:00,112-9344507-7357022,HM0737-Z-39,1,SDF9,SELLABLE,DEFECTIVE,Unit returned to inventory,LPNRR773020421,Not comfortable enough
2019-07-26T20:46:11+00:00,113-7657313-6781056,HM0739-240,1,MIA7,SELLABLE,MISORDERED,Unit returned to inventory,LPNRR667443545,"Description said shoes were white, and they are tan. Colors in photo do not match actual product."
2019-07-26T14:54:23+00:00,113-0214535-2667406,HM0731-Y-38,1,SDF9,SELLABLE,APPAREL_TOO_LARGE,Unit returned to inventory,LPNRR772738223,
2019-07-26T05:52:54+00:00,112-8433461-6019441,HM0701-H-38,1,LAS2,SELLABLE,UNDELIVERABLE_REFUSED,Unit returned to inventory,LPNRR761034093,
2019-07-26T05:52:54+00:00,112-8433461-6019441,HM0701-H-38,1,LAS2,SELLABLE,UNDELIVERABLE_REFUSED,Unit returned to inventory,LPNRR761034094,
2019-07-25T23:31:13+00:00,113-8568066-2674633,HM0701-X-41,1,LAS2,SELLABLE,APPAREL_TOO_SMALL,Unit returned to inventory,LPNRR759863172,
2019-07-25T20:37:48+00:00,114-3360077-9521015,HM0701-X-35,1,LEX2,SELLABLE,APPAREL_TOO_SMALL,Unit returned to inventory,LPNRR751272934,
2019-07-25T15:37:06+00:00,111-6210233-6687415,HM0722-B-40,1,SDF9,SELLABLE,APPAREL_TOO_LARGE,Unit returned to inventory,LPNRR780480666,
2019-07-25T12:34:17+00:00,114-5102553-2596251,HM0701-X-39,1,SDF9,SELLABLE,APPAREL_TOO_SMALL,Unit returned to inventory,LPNRR780652048,
2019-07-25T10:58:42+00:00,111-1488159-9201806,HM0722-L-39,1,SDF9,SELLABLE,APPAREL_TOO_SMALL,Unit returned to inventory,LPNRR655219990,does not fit as it should
2019-07-25T10:58:42+00:00,111-1488159-9201806,HM0725-140,1,SDF9,SELLABLE,APPAREL_TOO_SMALL,Unit returned to inventory,LPNRR655219989,does not fit as it should
2019-07-25T08:49:37+00:00,114-9131767-7685853,HM0701-H-38,1,LEX2,SELLABLE,APPAREL_TOO_SMALL,Unit returned to inventory,LPNRR752912842,too narrow
2019-07-24T23:40:40+00:00,114-0230672-9265830,HM0701-B-38,1,SDF9,CUSTOMER_DAMAGED,DEFECTIVE,IMMEDIATE_DISPOSAL,LPNRR655508382,
2019-07-24T21:43:58+00:00,114-5902796-0526633,HM0751-240,1,SDF9,SELLABLE,APPAREL_TOO_SMALL,Unit returned to inventory,LPNRR664921624,
2019-07-24T18:33:35+00:00,111-9035709-2504204,HM0701-1138,1,LEX2,SELLABLE,APPAREL_STYLE,Unit returned to inventory,LPNRR751339206,
2019-07-24T18:32:10+00:00,112-6420945-2348269,HM0753-1935,1,LEX2,SELLABLE,UNDELIVERABLE_REFUSED,Unit returned to inventory,LPNRR751028605,
2019-07-24T16:58:47+00:00,114-8218151-9983437,HM0741-0235,1,LAS2,SELLABLE,UNDELIVERABLE_UNKNOWN,Unit returned to inventory,LPNRR759277672,
2019-07-24T15:07:42+00:00,112-7542255-1219417,HM0739-239,1,SDF9,SELLABLE,UNWANTED_ITEM,Unit returned to inventory,LPNRR654786920,
2019-07-24T15:07:42+00:00,112-7542255-1219417,HM0733-1739,1,SDF9,SELLABLE,UNWANTED_ITEM,Unit returned to inventory,LPNRR654786921,
2019-07-24T14:47:52+00:00,113-2308546-9435424,HM0725-139,1,LEX2,SELLABLE,APPAREL_TOO_SMALL,Unit returned to inventory,LPNRR751516054,I would like to exchange this size 8 for an 81/2.
2019-07-24T13:37:38+00:00,113-3056030-0877031,HM0759-3238,1,SDF9,SELLABLE,APPAREL_TOO_LARGE,Unit returned to inventory,LPNRR772752179,
2019-07-24T13:31:20+00:00,113-0808797-7733847,HM0731-Z-42,1,SDF9,CUSTOMER_DAMAGED,MISORDERED,IMMEDIATE_DISPOSAL,LPNRR780227502,
2019-07-24T12:40:38+00:00,112-7013209-4773853,HM0731-H-41,1,LEX1,SELLABLE,APPAREL_STYLE,Unit returned to inventory,LPNRR753574063,
2019-07-24T11:00:43+00:00,113-0674706-0944261,HM0701-X-41,1,LAS2,CUSTOMER_DAMAGED,NOT_AS_DESCRIBED,IMMEDIATE_DISPOSAL,LPNRR730746181,
2019-07-24T08:13:24+00:00,112-9969119-9778650,HM0701-B-41,1,LAS2,SELLABLE,APPAREL_STYLE,Unit returned to inventory,LPNRR737679068,
2019-07-24T05:45:52+00:00,112-5517325-9920258,HM0722-B-40,1,LAS2,SELLABLE,APPAREL_TOO_LARGE,Unit returned to inventory,LPNRR759337297,
2019-07-24T04:56:46+00:00,112-3976100-4073852,HM0751-241,1,LEX2,SELLABLE,QUALITY_UNACCEPTABLE,Unit returned to inventory,LPNRR751331074,Fit / style issue
2019-07-24T03:32:31+00:00,113-4723743-8457837,HM0722-C-38,1,SDF9,SELLABLE,DEFECTIVE,Unit returned to inventory,LPNRR780058336,B06X9SCR76:5
2019-07-24T03:03:19+00:00,114-8803385-4672255,HM0741-0242,1,SDF9,SELLABLE,APPAREL_TOO_SMALL,Unit returned to inventory,LPNRR780590869,
2019-07-23T22:03:49+00:00,112-3163604-4195452,HM0903-1634,1,SDF9,CUSTOMER_DAMAGED,APPAREL_TOO_SMALL,IMMEDIATE_DISPOSAL,LPNRR779988525,
2019-07-23T17:20:29+00:00,113-9813458-8329807,HM0731-Z-39,1,SDF9,SELLABLE,APPAREL_STYLE,Unit returned to inventory,LPNRR780955613,uncomfortable
2019-07-23T16:30:53+00:00,113-9566768-9473030,HM0741-1635,1,RIC9,SELLABLE,APPAREL_TOO_SMALL,Unit returned to inventory,LPNRR733406416,
2019-07-23T16:15:56+00:00,112-0382593-9102602,HM0801-Y-45,1,MIA7,SELLABLE,APPAREL_TOO_LARGE,Unit returned to inventory,LPNRR667640361,
2019-07-23T16:09:16+00:00,112-1682668-4053009,HM0724-F-35,1,SDF9,SELLABLE,APPAREL_TOO_SMALL,Unit returned to inventory,LPNRR780030304,
2019-07-23T16:01:35+00:00,113-3486222-0437817,HM0742-0240,1,SDF9,SELLABLE,UNWANTED_ITEM,Unit returned to inventory,LPNRR780116226,
2019-07-23T13:43:54+00:00,114-4087761-1881801,HM0728-1841,1,SDF9,SELLABLE,APPAREL_STYLE,Unit returned to inventory,LPNRR779813949,
2019-07-23T09:18:07+00:00,113-7546910-9640220,HM0722-H-40,1,LAS2,SELLABLE,APPAREL_STYLE,Unit returned to inventory,LPNRR760848017,
2019-07-23T08:54:37+00:00,111-6401730-5454648,HM0722-H-36,1,LAS2,SELLABLE,APPAREL_STYLE,Unit returned to inventory,LPNRR760245351,
2019-07-23T08:31:29+00:00,111-6401730-5454648,HM0722-C-37,1,LAS2,SELLABLE,APPAREL_STYLE,Unit returned to inventory,LPNRR759353300,
2019-07-23T06:11:58+00:00,113-5625083-1297843,HM0737-Z-39,1,HIO9,SELLABLE,APPAREL_TOO_LARGE,Unit returned to inventory,LPNRR591279294,
2019-07-23T04:53:50+00:00,112-0079612-0753824,HM0722-H-37,1,LAS2,SELLABLE,SWITCHEROO,Unit returned to inventory,LPNRR760576758,
2019-07-23T01:42:12+00:00,114-3670899-9557060,HM0725-139,1,OKC9,SELLABLE,APPAREL_TOO_SMALL,Unit returned to inventory,LPNRR781047555,to narrow
2019-07-23T01:42:12+00:00,114-3670899-9557060,HM0747-0139,1,OKC9,SELLABLE,APPAREL_TOO_SMALL,Unit returned to inventory,LPNRR781047556,to narrow
2019-07-22T23:51:37+00:00,113-1697703-0849035,HM0722-B-38,1,SDF9,SELLABLE,APPAREL_TOO_SMALL,Unit returned to inventory,LPNRR655027714,Too small
2019-07-22T18:02:57+00:00,114-3068094-8699438,HM0731-Z-42,1,SMF9,SELLABLE,APPAREL_TOO_LARGE,Unit returned to inventory,LPNRR725294277,
2019-07-22T17:54:49+00:00,113-6022492-0788254,HM0722-L-38,1,IND8,SELLABLE,APPAREL_STYLE,Unit returned to inventory,LPNN264476113,
2019-07-22T17:54:49+00:00,113-6022492-0788254,HM0731-Z-39,1,IND8,SELLABLE,APPAREL_STYLE,Unit returned to inventory,LPNN264476114,
2019-07-22T17:27:06+00:00,113-5144344-8122651,HM0738-L-39,1,TUS1,SELLABLE,UNDELIVERABLE_REFUSED,Unit returned to inventory,LPNPM038144062,
2019-07-22T10:39:50+00:00,112-5923986-4209832,HM0731-Y-37,1,SDF9,CUSTOMER_DAMAGED,MISORDERED,IMMEDIATE_DISPOSAL,LPNRR661641385,
2019-07-22T08:41:25+00:00,112-7003811-7945033,HM0724-F-36,1,LEX2,SELLABLE,APPAREL_TOO_SMALL,Unit returned to inventory,LPNRR751929927,
2019-07-22T05:13:05+00:00,114-4067280-0795455,HM0731-Z-42,1,IND1,SELLABLE,UNDELIVERABLE_UNKNOWN,Unit returned to inventory,LPNRR647762687,
2019-07-22T04:35:15+00:00,111-4703560-7168245,HM0701-H-41,1,LEX2,SELLABLE,APPAREL_TOO_LARGE,Unit returned to inventory,LPNRR753148769,
2019-07-22T01:17:27+00:00,114-0202491-7276250,HM0731-Z-38,1,LEX2,SELLABLE,NOT_AS_DESCRIBED,Unit returned to inventory,LPNRR750663247,this brand appears when havainanas are searched
2019-07-21T11:28:10+00:00,111-0165798-7921801,HM0903-1630,1,SDF9,SELLABLE,APPAREL_TOO_SMALL,Unit returned to inventory,LPNRR664203678,
2019-07-21T11:14:23+00:00,113-4663471-5278600,HM0701-H-37,1,IND8,SELLABLE,APPAREL_TOO_SMALL,Unit returned to inventory,LPNN257409560,
2019-07-21T10:25:51+00:00,111-8189029-1271431,HM0722-X-40,1,SDF9,SELLABLE,APPAREL_TOO_LARGE,Unit returned to inventory,LPNRR780532298,
2019-07-20T11:26:23+00:00,114-3049802-5899425,HM0725-137,1,LAS2,SELLABLE,APPAREL_STYLE,Unit returned to inventory,LPNRR738847884,
2019-07-20T06:37:01+00:00,113-8890820-4889820,HM0701-H-39,1,HIO9,SELLABLE,ORDERED_WRONG_ITEM,Unit returned to inventory,LPNRR591300198,Searched for Havianas and didn't realize these weren't them.  It was deceiving.
2019-07-20T06:30:48+00:00,111-6735193-7026614,HM0729-L-40,1,LEX1,SELLABLE,APPAREL_TOO_LARGE,Unit returned to inventory,LPNRR753502923,
2019-07-20T06:18:48+00:00,112-2641473-9093009,HM0722-B-38,1,SDF9,SELLABLE,DEFECTIVE,Unit returned to inventory,LPNRR780230060,B06X9T4P5F:item defective B012PGDWLK:item defective
2019-07-20T02:24:17+00:00,111-3149159-4328216,HM0722-B-39,1,MIA7,SELLABLE,APPAREL_STYLE,Unit returned to inventory,LPNRR667413015,
2019-07-20T00:20:06+00:00,114-2334813-5229041,HM0701-R-38,1,SDF9,SELLABLE,MISORDERED,Unit returned to inventory,LPNRR654730030,I meant to order the light pink.
2019-07-19T22:50:15+00:00,111-6468602-6348256,HM0701-1242,1,LEX2,SELLABLE,NOT_AS_DESCRIBED,Unit returned to inventory,LPNRR750555154,color
2019-07-19T22:06:01+00:00,112-9933485-6090667,HM0731-Z-38,1,SDF9,SELLABLE,MISORDERED,Unit returned to inventory,LPNRR780211401,I ordered size 36 and got wrong size.
2019-07-19T20:45:36+00:00,113-1861877-2165861,HM0741-1638,1,IND8,SELLABLE,APPAREL_TOO_SMALL,Unit returned to inventory,LPNN261438273,
2019-07-19T18:13:07+00:00,111-3448586-7340221,HM0706-L-39,1,MOB9,SELLABLE,APPAREL_TOO_SMALL,Unit returned to inventory,LPNRR669683669,
2019-07-19T18:13:07+00:00,111-3448586-7340221,HM0706-M-39,1,MOB9,SELLABLE,APPAREL_TOO_SMALL,Unit returned to inventory,LPNRR669683670,
2019-07-19T17:53:39+00:00,112-7527899-5199455,HM0751-236,1,LAS2,SELLABLE,APPAREL_TOO_SMALL,Unit returned to inventory,LPNRR760283951,
2019-07-19T16:33:04+00:00,114-0991788-7406600,HM0801-B-41,1,SDF9,SELLABLE,MISORDERED,Unit returned to inventory,LPNRR664759534,
2019-07-19T15:49:29+00:00,111-7782357-6744259,HM0747-0138,1,SDF9,SELLABLE,APPAREL_STYLE,Unit returned to inventory,LPNRR780107171,
2019-07-19T12:12:22+00:00,111-2594197-9751426,HM0722-B-39,1,LEX2,SELLABLE,APPAREL_TOO_SMALL,Unit returned to inventory,LPNRR750501741,
2019-07-19T03:32:54+00:00,111-7243523-8425001,HM0742-0238,1,SDF9,SELLABLE,APPAREL_TOO_SMALL,Unit returned to inventory,LPNRR780972233,
2019-07-19T03:22:13+00:00,112-5291216-6716259,HM0714-241,1,SDF9,SELLABLE,NOT_AS_DESCRIBED,Unit returned to inventory,LPNRR655668230,size is incorrect
2019-07-19T03:22:13+00:00,112-5291216-6716259,HM0733-1241,1,SDF9,SELLABLE,NOT_AS_DESCRIBED,Unit returned to inventory,LPNRR655668231,size is incorrect
2019-07-19T02:41:01+00:00,111-7943664-9671433,HM0751-240,1,SDF9,SELLABLE,NO_REASON_GIVEN,Unit returned to inventory,LPNRR661566813,
2019-07-18T23:15:18+00:00,113-1356689-2621003,HM0701-F-38,1,LAS2,CUSTOMER_DAMAGED,MISORDERED,IMMEDIATE_DISPOSAL,LPNRR759417136,
2019-07-18T22:22:27+00:00,114-9235356-5859456,HM0739-140,1,RIC9,SELLABLE,DEFECTIVE,Unit returned to inventory,LPNRR733430138,The staps are flimsy and very dangerous
2019-07-18T20:54:09+00:00,112-0978792-0893017,HM0724-M-40,1,BUF9,SELLABLE,MISORDERED,Unit returned to inventory,LPNRR711072629,
2019-07-18T19:56:59+00:00,111-4078544-9178621,HM0731-Y-37,1,RIC9,SELLABLE,APPAREL_TOO_SMALL,Unit returned to inventory,LPNRR733430044,
2019-07-18T17:14:06+00:00,114-4331589-3657820,HM0701-H-36,1,SDF9,SELLABLE,APPAREL_STYLE,Unit returned to inventory,LPNRR727489035,
2019-07-18T17:01:06+00:00,114-3522171-4046652,HM0701-X-40,1,SDF9,SELLABLE,ORDERED_WRONG_ITEM,Unit returned to inventory,LPNRR780182547,
2019-07-18T06:47:21+00:00,111-2728038-9805017,HM0741-1639,1,SDF9,SELLABLE,APPAREL_TOO_LARGE,Unit returned to inventory,LPNRR661638169,
2019-07-18T06:11:43+00:00,112-2112511-6485819,HM0751-241,1,LAS2,SELLABLE,MISORDERED,Unit returned to inventory,LPNRR759014946,
2019-07-18T03:13:34+00:00,112-5923986-4209832,HM0731-Y-38,1,SDF9,SELLABLE,MISORDERED,Unit returned to inventory,LPNRR664917057,
2019-07-18T00:25:04+00:00,112-7129573-4024263,HM0725-139,1,SDF9,SELLABLE,APPAREL_TOO_SMALL,Unit returned to inventory,LPNRR658855963,
2019-07-17T22:38:15+00:00,114-0991788-7406600,HM0751-239,1,SDF9,SELLABLE,MISORDERED,Unit returned to inventory,LPNRR654912037,
2019-07-17T21:23:16+00:00,112-2632423-4745034,HM0731-H-39,1,BUF9,CUSTOMER_DAMAGED,DEFECTIVE,IMMEDIATE_DISPOSAL,LPNRR550285672,
2019-07-17T17:54:50+00:00,114-8875849-9955461,HM0722-B-38,1,LAS2,SELLABLE,APPAREL_TOO_LARGE,Unit returned to inventory,LPNRR730705344,
2019-07-17T17:00:20+00:00,112-2089095-3112210,HM0759-1037,1,LAS2,SELLABLE,APPAREL_TOO_SMALL,Unit returned to inventory,LPNRR731940521,
2019-07-17T15:02:43+00:00,113-7239052-9884203,HM0722-L-38,1,LAS2,SELLABLE,APPAREL_STYLE,Unit returned to inventory,LPNRR759177414,
2019-07-17T08:30:39+00:00,112-8706966-9604205,HM0701-X-38,1,LAS2,SELLABLE,APPAREL_STYLE,Unit returned to inventory,LPNRR759706466,
2019-07-17T07:13:44+00:00,114-6417044-2658649,HM0722-L-39,1,LAS2,SELLABLE,APPAREL_TOO_SMALL,Unit returned to inventory,LPNRR738332562,
2019-07-17T04:11:51+00:00,112-2450547-9705806,HM0722-H-40,1,LAS2,CUSTOMER_DAMAGED,APPAREL_STYLE,IMMEDIATE_DISPOSAL,LPNRR736774405,
2019-07-16T21:35:53+00:00,114-0007450-0012200,HM0722-B-39,1,LAS2,SELLABLE,UNWANTED_ITEM,Unit returned to inventory,LPNRR738294974,
2019-07-16T19:35:35+00:00,112-3223412-1107426,HM0719-1242,1,LAS2,SELLABLE,UNDELIVERABLE_UNKNOWN,Unit returned to inventory,LPNRR759747836,
2019-07-16T19:22:46+00:00,114-2147910-1182610,HM0731-Z-39,1,LAS2,SELLABLE,APPAREL_TOO_LARGE,Unit returned to inventory,LPNRR731140294,
2019-07-16T18:06:15+00:00,113-6443255-7621807,HM0724-M-39,1,SDF9,SELLABLE,APPAREL_STYLE,Unit returned to inventory,LPNRR780009641,
2019-07-16T18:06:15+00:00,113-6443255-7621807,HM0733-1239,1,SDF9,SELLABLE,APPAREL_STYLE,Unit returned to inventory,LPNRR780009640,
2019-07-16T14:26:04+00:00,114-8722924-4309858,HM0803-1244,1,SDF9,SELLABLE,APPAREL_TOO_LARGE,Unit returned to inventory,LPNRR661505318,
2019-07-16T08:50:57+00:00,113-5386797-8426606,HM0701-F-40,1,LEX2,CUSTOMER_DAMAGED,APPAREL_STYLE,IMMEDIATE_DISPOSAL,LPNRR752864438,
2019-07-16T03:06:02+00:00,114-8815694-5358613,HM0722-H-40,1,SDF9,SELLABLE,APPAREL_STYLE,Unit returned to inventory,LPNRR655012802,They hurt my feet
2019-07-16T02:25:22+00:00,112-7043963-3126620,HM0709-1241,1,IND8,CUSTOMER_DAMAGED,APPAREL_TOO_SMALL,IMMEDIATE_DISPOSAL,LPNN261838335,
2019-07-16T00:52:13+00:00,112-6720887-4949059,HM0724-M-40,1,SDF9,SELLABLE,APPAREL_TOO_LARGE,Unit returned to inventory,LPNRR654418504,
2019-07-15T21:49:17+00:00,113-8696882-0429069,HM0903-1636,1,OKC9,SELLABLE,APPAREL_TOO_SMALL,Unit returned to inventory,LPNRR781046865,
2019-07-15T15:13:37+00:00,114-5861532-4554642,HM0731-Z-39,1,MIA7,SELLABLE,APPAREL_STYLE,Unit returned to inventory,LPNRR667676594,
2019-07-15T14:42:15+00:00,112-4648836-1584213,HM0722-L-39,1,LEX1,SELLABLE,APPAREL_TOO_LARGE,Unit returned to inventory,LPNRR757521039,
2019-07-15T08:41:46+00:00,114-5420687-7132243,HM0701-B-41,1,LAS2,SELLABLE,APPAREL_TOO_LARGE,Unit returned to inventory,LPNRR730705186,
2019-07-15T01:41:27+00:00,111-0035414-0638606,HM0701-B-40,1,RIC9,SELLABLE,APPAREL_STYLE,Unit returned to inventory,LPNRR693408272,sole of shoe not as cushioned as I would like
2019-07-14T14:56:12+00:00,113-8411654-1839438,HM0731-H-40,1,SDF9,CUSTOMER_DAMAGED,APPAREL_TOO_SMALL,IMMEDIATE_DISPOSAL,LPNRR664499617,
2019-07-14T10:51:20+00:00,112-5365988-6962628,HM0741-1636,1,SDF9,SELLABLE,APPAREL_TOO_SMALL,Unit returned to inventory,LPNRR654843695,Exchanging for Size 5
2019-07-13T22:13:38+00:00,113-6042375-5883433,HM0701-1236,1,SDF9,SELLABLE,APPAREL_TOO_SMALL,Unit returned to inventory,LPNRR664684434,
2019-07-13T15:28:03+00:00,114-5713401-9857860,HM0709-1242,1,LAS2,SELLABLE,APPAREL_TOO_SMALL,Unit returned to inventory,LPNRR759032142,These flip flops don't fit a size 10 foot
2019-07-13T15:28:03+00:00,114-5713401-9857860,HM0709-1242,1,LAS2,SELLABLE,APPAREL_TOO_SMALL,Unit returned to inventory,LPNRR759032143,These flip flops don't fit a size 10 foot
2019-07-13T07:48:56+00:00,112-1561689-9463425,HM0701-H-39,1,LEX1,SELLABLE,UNDELIVERABLE_REFUSED,Unit returned to inventory,LPNRR729283989,
2019-07-13T03:55:03+00:00,112-5833261-2961817,HM0701-X-41,1,LAS2,SELLABLE,UNWANTED_ITEM,Unit returned to inventory,LPNRR738303438,
2019-07-12T22:09:42+00:00,113-5385247-0416219,HM0722-L-38,1,SDF9,SELLABLE,APPAREL_STYLE,Unit returned to inventory,LPNRR655531859,too heavy a shoe
2019-07-12T22:05:23+00:00,112-7467099-8993815,HM0701-B-39,1,SDF9,SELLABLE,ORDERED_WRONG_ITEM,Unit returned to inventory,LPNRR664240287,
2019-07-12T18:56:15+00:00,111-9150158-9679433,HM0722-B-36,1,SMF9,SELLABLE,QUALITY_UNACCEPTABLE,Unit returned to inventory,LPNRR724805684,Fit / style issue
2019-07-12T18:37:33+00:00,113-5031680-7640212,HM0719-1241,1,SDF9,SELLABLE,APPAREL_TOO_LARGE,Unit returned to inventory,LPNRR655128118,
2019-07-12T17:29:54+00:00,112-9939872-0861047,HM0729-L-39,1,SDF9,SELLABLE,APPAREL_TOO_LARGE,Unit returned to inventory,LPNRR661649750,
2019-07-12T17:28:33+00:00,113-3368147-3420240,HM0701-R-36,1,LAS2,SELLABLE,DEFECTIVE,Unit returned to inventory,LPNRR738902560,runs too small
2019-07-12T16:52:01+00:00,114-0606593-3554638,HM0731-H-42,1,SDF9,SELLABLE,APPAREL_TOO_SMALL,Unit returned to inventory,LPNRR664424468,
2019-07-12T16:22:56+00:00,113-4497602-9705800,HM0903-1634,1,SDF9,SELLABLE,APPAREL_TOO_SMALL,Unit returned to inventory,LPNRR655578301,sizing is not accurate. This is the 2nd pair I bought and they still are too small.
2019-07-12T14:27:02+00:00,113-7499509-5433839,HM0722-L-39,1,SDF9,SELLABLE,APPAREL_STYLE,Unit returned to inventory,LPNRR655501994,
2019-07-12T06:47:32+00:00,112-6736088-3416200,HM0722-L-40,1,LAS2,SELLABLE,APPAREL_TOO_SMALL,Unit returned to inventory,LPNRR731776860,"Very short for size 9, thong tops are very loose."
2019-07-12T04:33:33+00:00,112-4186605-9061854,HM0903-1633,1,IND8,SELLABLE,APPAREL_TOO_SMALL,Unit returned to inventory,LPNN263425260,
2019-07-12T03:39:43+00:00,114-3053137-9283409,HM0737-Z-39,1,LAS2,SELLABLE,APPAREL_TOO_LARGE,Unit returned to inventory,LPNRR738676651,
2019-07-12T00:46:26+00:00,114-6310723-8807414,HM0747-0136,1,LEX1,SELLABLE,UNDELIVERABLE_REFUSED,Unit returned to inventory,LPNRR756615400,
2019-07-12T00:46:26+00:00,114-6310723-8807414,HM0747-0136,1,LEX1,SELLABLE,UNDELIVERABLE_REFUSED,Unit returned to inventory,LPNRR756615401,
2019-07-11T22:48:09+00:00,114-3503081-5179402,HM0741-0239,1,IND8,SELLABLE,APPAREL_STYLE,Unit returned to inventory,LPNN264938425,
2019-07-11T21:59:42+00:00,112-2965762-1846645,HM0722-B-40,1,SDF9,SELLABLE,APPAREL_TOO_SMALL,Unit returned to inventory,LPNRR664452753,The shoe runs small and does not fit
2019-07-11T21:57:59+00:00,114-7232269-0015420,HM0729-L-40,1,OKC9,SELLABLE,APPAREL_STYLE,Unit returned to inventory,LPNRR552411020,My friend I got them for liked the Totem Animal version better.
2019-07-11T17:31:29+00:00,113-8774153-8458606,HM0724-M-36,1,LAS2,CUSTOMER_DAMAGED,APPAREL_TOO_SMALL,IMMEDIATE_DISPOSAL,LPNRR738208763,
2019-07-11T16:52:19+00:00,111-8040329-2717813,HM0803-3245,1,HIO9,SELLABLE,NOT_AS_DESCRIBED,Unit returned to inventory,LPNRR591325492,poor quality
2019-07-11T14:58:59+00:00,112-3023830-5820263,HM0738-141,1,MOB9,SELLABLE,APPAREL_TOO_SMALL,Unit returned to inventory,LPNRR669672032,
2019-07-11T14:37:21+00:00,111-4408470-4996208,HM0722-B-35,1,LAS2,SELLABLE,MISORDERED,Unit returned to inventory,LPNRR730699523,
2019-07-11T14:22:17+00:00,112-1268438-5140202,HM0701-X-42,1,IND8,SELLABLE,APPAREL_TOO_SMALL,Unit returned to inventory,LPNN261791928,
2019-07-11T14:22:17+00:00,112-1268438-5140202,HM0701-R-38,1,IND8,SELLABLE,APPAREL_TOO_SMALL,Unit returned to inventory,LPNN261791929,
2019-07-11T14:10:55+00:00,111-6368997-0296232,HM0903-1634,1,LAS2,SELLABLE,APPAREL_TOO_SMALL,Unit returned to inventory,LPNRR738208618,
2019-07-11T03:46:58+00:00,114-4373899-4219424,HM0739-140,1,LAS2,SELLABLE,QUALITY_UNACCEPTABLE,Unit returned to inventory,LPNRR738132928,not as expected
2019-07-10T22:46:37+00:00,111-5744489-9562655,HM0722-C-38,1,HIO9,SELLABLE,NOT_AS_DESCRIBED,Unit returned to inventory,LPNRR591501667,Sizing runs about two sizes too large
2019-07-10T22:26:51+00:00,111-2653303-6147412,HM0701-1239,1,HIO9,SELLABLE,APPAREL_STYLE,Unit returned to inventory,LPNRR591431828,
2019-07-10T22:26:51+00:00,111-2653303-6147412,HM0701-B-39,1,HIO9,SELLABLE,APPAREL_STYLE,Unit returned to inventory,LPNRR591431830,
2019-07-10T22:18:23+00:00,113-4189546-8545838,HM0731-H-37,1,LEX1,SELLABLE,APPAREL_TOO_SMALL,Unit returned to inventory,LPNRR756234110,
2019-07-10T21:08:27+00:00,111-4663660-5537858,HM0701-B-36,1,LAS2,SELLABLE,APPAREL_TOO_SMALL,Unit returned to inventory,LPNRR738678828,
2019-07-10T21:06:52+00:00,111-9673382-1027400,HM0722-B-36,1,LAS2,SELLABLE,APPAREL_TOO_LARGE,Unit returned to inventory,LPNRR738232488,
2019-07-10T21:06:52+00:00,111-9673382-1027400,HM0722-X-36,1,LAS2,SELLABLE,APPAREL_TOO_LARGE,Unit returned to inventory,LPNRR738232487,
2019-07-10T20:08:23+00:00,111-3380858-3533840,HM0742-0238,1,LEX2,SELLABLE,APPAREL_STYLE,Unit returned to inventory,LPNRR752345719,
2019-07-10T20:08:23+00:00,111-3380858-3533840,HM0742-0238,1,LEX2,SELLABLE,APPAREL_STYLE,Unit returned to inventory,LPNRR752345740,
2019-07-10T20:03:42+00:00,111-3380858-3533840,HM0742-0239,1,LEX2,SELLABLE,APPAREL_STYLE,Unit returned to inventory,LPNRR752695054,
2019-07-10T20:03:42+00:00,111-3380858-3533840,HM0701-H-39,1,LEX2,SELLABLE,APPAREL_STYLE,Unit returned to inventory,LPNRR752695056,
2019-07-10T20:03:42+00:00,111-3380858-3533840,HM0701-H-38,1,LEX2,SELLABLE,APPAREL_STYLE,Unit returned to inventory,LPNRR752695055,
2019-07-10T19:53:13+00:00,114-3233246-7344242,HM0722-H-40,1,SDF9,SELLABLE,APPAREL_STYLE,Unit returned to inventory,LPNRR654590923,
2019-07-10T19:43:48+00:00,114-3233246-7344242,HM0722-B-40,1,SDF9,SELLABLE,APPAREL_STYLE,Unit returned to inventory,LPNRR654590922,
2019-07-10T18:26:49+00:00,111-9619433-3621861,HM0701-H-36,1,SDF9,SELLABLE,APPAREL_TOO_SMALL,Unit returned to inventory,LPNRR655585019,
2019-07-10T15:59:51+00:00,111-3705376-3613809,HM0741-0242,1,IND8,DEFECTIVE,NO_REASON_GIVEN,IMMEDIATE_DISPOSAL,LPNN260423120,
2019-07-10T14:33:56+00:00,114-7538823-5798601,HM0738-L-37,1,LEX1,SELLABLE,UNDELIVERABLE_UNKNOWN,Unit returned to inventory,LPNRR599123307,
2019-07-10T14:24:07+00:00,111-9829079-3233833,HM0739-139,1,SDF9,CUSTOMER_DAMAGED,APPAREL_TOO_SMALL,IMMEDIATE_DISPOSAL,LPNRR663431777,
2019-07-10T12:51:45+00:00,112-2798583-2901041,HM0751-241,1,SDF9,SELLABLE,APPAREL_STYLE,Unit returned to inventory,LPNRR661425834,Presented as a different brand
2019-07-10T12:28:50+00:00,111-1427281-0334618,HM0741-1638,1,SDF9,SELLABLE,APPAREL_TOO_SMALL,Unit returned to inventory,LPNRR664608057,
2019-07-10T12:05:52+00:00,112-6396608-3175408,HM0738-139,1,LAS2,SELLABLE,UNWANTED_ITEM,Unit returned to inventory,LPNRR720951198,
2019-07-10T11:19:57+00:00,111-0394094-9569009,HM0731-Z-39,1,LAS2,SELLABLE,SWITCHEROO,Unit returned to inventory,LPNRR738198206,
2019-07-10T06:08:50+00:00,111-9829079-3233833,HM0729-M-38,1,SDF9,SELLABLE,APPAREL_TOO_SMALL,Unit returned to inventory,LPNRR664371070,
2019-07-10T06:08:50+00:00,111-9829079-3233833,HM0731-Z-39,1,SDF9,SELLABLE,APPAREL_TOO_SMALL,Unit returned to inventory,LPNRR664371068,
2019-07-10T06:08:50+00:00,111-9829079-3233833,HM0731-Z-39,1,SDF9,SELLABLE,APPAREL_TOO_SMALL,Unit returned to inventory,LPNRR664371069,
2019-07-10T06:08:50+00:00,111-9829079-3233833,HM0739-139,1,SDF9,SELLABLE,APPAREL_TOO_SMALL,Unit returned to inventory,LPNRR664371066,
2019-07-10T06:08:50+00:00,111-9829079-3233833,HM0729-M-38,1,SDF9,SELLABLE,APPAREL_TOO_SMALL,Unit returned to inventory,LPNRR664371067,
2019-07-10T01:04:58+00:00,112-5638868-1766637,HM0722-L-39,1,RIC9,SELLABLE,APPAREL_TOO_SMALL,Unit returned to inventory,LPNRR733386559,
2019-07-09T19:52:14+00:00,114-6564069-0653012,HM0701-F-40,1,BUF9,SELLABLE,MISORDERED,Unit returned to inventory,LPNRR711330556,
2019-07-09T17:35:41+00:00,113-7145746-0634621,HM0738-138,1,IND8,SELLABLE,APPAREL_TOO_SMALL,Unit returned to inventory,LPNN260387327,
2019-07-09T16:50:57+00:00,114-4896797-9463454,HM0722-B-39,1,LAS2,SELLABLE,APPAREL_STYLE,Unit returned to inventory,LPNRR738102484,heavy sole
2019-07-09T13:38:31+00:00,113-8623470-7987431,HM0701-H-38,1,LEX1,SELLABLE,APPAREL_TOO_SMALL,Unit returned to inventory,LPNRR721014686,
2019-07-09T02:39:15+00:00,111-0610097-4148265,HM0742-0242,1,LAS2,SELLABLE,APPAREL_STYLE,Unit returned to inventory,LPNRR738019185,
2019-07-09T01:00:40+00:00,113-6502217-1305864,HM0729-M-39,1,MIA7,SELLABLE,MISORDERED,Unit returned to inventory,LPNRR667472362,Looked more red on line in real life looks not pink. Chose them as thought they were red
2019-07-08T20:01:49+00:00,113-1063427-1899450,HM0731-Y-39,1,LAS2,SELLABLE,ORDERED_WRONG_ITEM,Unit returned to inventory,LPNRR731585345,
2019-07-08T17:11:11+00:00,113-1061317-2851438,HM0729-M-42,1,SDF9,SELLABLE,APPAREL_TOO_SMALL,Unit returned to inventory,LPNRR664124519,
2019-07-08T14:30:26+00:00,111-3224943-0625863,HM0722-B-39,1,RIC9,SELLABLE,APPAREL_TOO_SMALL,Unit returned to inventory,LPNRR733386156,
2019-07-08T14:20:31+00:00,112-6401454-7954669,HM0724-F-35,1,LAS2,SELLABLE,MISORDERED,Unit returned to inventory,LPNRR738284217,Size 3 is too small. My daughter's size is 3 but this 3 does not work.
2019-07-08T13:18:29+00:00,113-2788501-7529047,HM0722-H-40,1,SDF9,SELLABLE,APPAREL_TOO_SMALL,Unit returned to inventory,LPNRR664024715,
2019-07-08T11:37:16+00:00,112-3528744-7680202,HM0701-R-42,1,LEX1,SELLABLE,APPAREL_TOO_SMALL,Unit returned to inventory,LPNRR672148808,
2019-07-08T03:26:06+00:00,112-6043799-6211420,HM0701-R-36,1,SDF9,SELLABLE,NOT_AS_DESCRIBED,Unit returned to inventory,LPNRR661678551,Description says red.  Item is pink.
2019-07-08T03:11:15+00:00,114-4504468-8491400,HM0731-Y-42,1,SDF9,SELLABLE,APPAREL_TOO_SMALL,Unit returned to inventory,LPNRR661448284,
2019-07-08T03:11:15+00:00,114-4504468-8491400,HM0724-F-41,1,SDF9,SELLABLE,APPAREL_TOO_SMALL,Unit returned to inventory,LPNRR661448283,
2019-07-08T02:03:43+00:00,111-2017623-0095414,HM0747-0138,1,LEX2,SELLABLE,APPAREL_TOO_SMALL,Unit returned to inventory,LPNRR752995635,Fits like a size 6
2019-07-07T01:43:48+00:00,114-4154131-7569000,HM0709-1237,1,SDF9,SELLABLE,APPAREL_TOO_SMALL,Unit returned to inventory,LPNRR654673514,
2019-07-06T20:59:10+00:00,112-0349620-8736208,HM0747-0139,1,RIC9,SELLABLE,APPAREL_TOO_SMALL,Unit returned to inventory,LPNRR733712818,
2019-07-06T20:31:39+00:00,113-0124002-3918631,HM0722-H-36,1,LAS2,SELLABLE,NOT_AS_DESCRIBED,Unit returned to inventory,LPNRR737532596,very heavy
2019-07-06T18:18:31+00:00,113-1750620-6613863,HM0720-139,1,LAS2,SELLABLE,APPAREL_TOO_SMALL,Unit returned to inventory,LPNRR737854299,We measured first as recommended - too small
2019-07-06T08:25:25+00:00,113-8359094-5119460,HM0801-B-45,1,LEX2,SELLABLE,APPAREL_TOO_SMALL,Unit returned to inventory,LPNRR758672966,
2019-07-06T08:05:12+00:00,112-0631646-5019468,HM0722-M-38,1,IND8,SELLABLE,APPAREL_TOO_SMALL,Unit returned to inventory,LPNN267035596,
2019-07-06T04:31:36+00:00,111-0875556-3150653,HM0737-Z-36,1,SDF9,CUSTOMER_DAMAGED,NO_REASON_GIVEN,IMMEDIATE_DISPOSAL,LPNRR661561641,
2019-07-06T04:02:09+00:00,112-2722265-3951413,HM0742-2242,1,LAS2,SELLABLE,APPAREL_TOO_SMALL,Unit returned to inventory,LPNRR636193316,
2019-07-06T00:10:45+00:00,114-8443626-2433807,HM0731-Z-40,1,LAS2,CUSTOMER_DAMAGED,NOT_AS_DESCRIBED,IMMEDIATE_DISPOSAL,LPNRR731435454,
2019-07-06T00:10:45+00:00,114-4393928-9334648,HM0731-Z-40,1,LAS2,CUSTOMER_DAMAGED,ORDERED_WRONG_ITEM,IMMEDIATE_DISPOSAL,LPNRR731435455,
2019-07-05T23:42:13+00:00,111-9465644-8299448,HM0706-M-38,1,HIO9,SELLABLE,APPAREL_TOO_LARGE,Unit returned to inventory,LPNRR591430709,
2019-07-05T23:42:13+00:00,111-2658252-8130633,HM0752-3138,1,HIO9,SELLABLE,APPAREL_TOO_LARGE,Unit returned to inventory,LPNRR591430711,
2019-07-05T23:42:13+00:00,111-2658252-8130633,HM0752-238,1,HIO9,SELLABLE,APPAREL_TOO_LARGE,Unit returned to inventory,LPNRR591430710,
2019-07-05T19:38:46+00:00,111-7203462-5711458,HM0701-X-42,1,SMF9,SELLABLE,ORDERED_WRONG_ITEM,Unit returned to inventory,LPNRR724620459,
2019-07-05T18:25:58+00:00,111-8675212-2797046,HM0903-1633,1,IND8,SELLABLE,APPAREL_TOO_SMALL,Unit returned to inventory,LPNN261819021,
2019-07-05T15:39:49+00:00,113-8086098-7042635,HM0701-1839,1,SDF9,SELLABLE,APPAREL_TOO_SMALL,Unit returned to inventory,LPNRR664405510,
2019-07-05T03:15:45+00:00,113-9412978-2762630,HM0701-F-42,1,SDF9,SELLABLE,APPAREL_TOO_SMALL,Unit returned to inventory,LPNRR661798896,Too small
2019-07-05T01:57:30+00:00,113-4407732-2412238,HM0722-L-39,1,BUF9,SELLABLE,APPAREL_TOO_SMALL,Unit returned to inventory,LPNRR711329888,
2019-07-04T13:36:31+00:00,112-0846570-9257849,HM0701-X-37,1,SDF9,SELLABLE,MISSED_ESTIMATED_DELIVERY,Unit returned to inventory,LPNRR664476561,
2019-07-04T03:54:32+00:00,114-7201242-5325837,HM0742-0238,1,SDF9,SELLABLE,APPAREL_TOO_SMALL,Unit returned to inventory,LPNRR664044813,
2019-07-04T03:54:32+00:00,114-7201242-5325837,HM0706-L-38,1,SDF9,SELLABLE,APPAREL_TOO_SMALL,Unit returned to inventory,LPNRR664044811,
2019-07-04T01:13:05+00:00,114-6134912-7267436,HM0701-B-39,1,SDF9,SELLABLE,APPAREL_TOO_LARGE,Unit returned to inventory,LPNRR664027763,
2019-07-04T01:11:09+00:00,111-1872480-5289056,HM0731-H-41,1,IND8,SELLABLE,APPAREL_STYLE,Unit returned to inventory,LPNN257296102,
2019-07-04T01:11:09+00:00,111-1872480-5289056,HM0741-0241,1,IND8,SELLABLE,APPAREL_STYLE,Unit returned to inventory,LPNN257296103,
2019-07-03T18:58:38+00:00,111-4973737-2309008,HM0731-Z-38,1,LEX2,DEFECTIVE,DEFECTIVE,IMMEDIATE_DISPOSAL,LPNRR758236614,Did not fit the same as the previous pair purchased.
2019-07-03T17:44:47+00:00,114-4791194-3694654,HM0701-H-40,1,LEX2,SELLABLE,NO_REASON_GIVEN,Unit returned to inventory,LPNRR757993667,
2019-07-03T15:32:53+00:00,114-7542256-0054669,HM0701-B-37,1,LEX2,SELLABLE,UNDELIVERABLE_UNKNOWN,Unit returned to inventory,LPNRR627897671,
2019-07-03T12:39:26+00:00,113-4542007-0675450,HM0731-Y-37,1,IND8,SELLABLE,MISORDERED,Unit returned to inventory,LPNN257296321,
2019-07-03T10:50:49+00:00,111-3810764-4533816,HM0701-X-40,1,IND8,SELLABLE,APPAREL_STYLE,Unit returned to inventory,LPNN270133465,The color of the shoe base doesnæŠ° really match the strap part of the shoe.
2019-07-03T07:24:18+00:00,111-2124209-3828229,HM0741-1635,1,SDF9,SELLABLE,APPAREL_TOO_LARGE,Unit returned to inventory,LPNRR661507859,
2019-07-03T01:02:34+00:00,113-8940048-0021050,HM0724-F-42,1,SDF9,SELLABLE,DEFECTIVE,Unit returned to inventory,LPNRR664357389,
2019-07-02T20:46:20+00:00,113-0641013-7124223,HM0724-M-36,1,IND8,SELLABLE,APPAREL_TOO_SMALL,Unit returned to inventory,LPNN257259315,
2019-07-02T20:12:44+00:00,114-8073103-1149803,HM0725-2740,1,RIC9,SELLABLE,APPAREL_TOO_SMALL,Unit returned to inventory,LPNRR733706071,
2019-07-02T14:23:21+00:00,112-3206702-9544238,HM0722-B-40,1,IND8,SELLABLE,APPAREL_TOO_SMALL,Unit returned to inventory,LPNRR663269835,
2019-07-02T13:51:14+00:00,114-6702235-2653824,HM0731-Y-40,1,SDF9,SELLABLE,APPAREL_TOO_SMALL,Unit returned to inventory,LPNRR664350588,
2019-07-02T13:47:59+00:00,111-5732251-4968212,HM0733-1241,1,SDF9,SELLABLE,APPAREL_TOO_SMALL,Unit returned to inventory,LPNRR664397188,
2019-07-02T11:24:26+00:00,111-9680349-9601019,HM0741-0238,1,SDF9,SELLABLE,MISORDERED,Unit returned to inventory,LPNRR654545357,
2019-07-02T10:16:12+00:00,113-7083065-4948242,HM0731-Z-38,1,SDF9,SELLABLE,APPAREL_TOO_LARGE,Unit returned to inventory,LPNRR661151517,
2019-07-02T00:16:13+00:00,114-0350832-1918605,HM0701-1142,1,RIC9,SELLABLE,APPAREL_TOO_SMALL,Unit returned to inventory,LPNRR733368669,
2019-07-01T23:30:06+00:00,114-9513941-5481016,HM0731-Z-40,1,SDF9,CUSTOMER_DAMAGED,APPAREL_TOO_LARGE,IMMEDIATE_DISPOSAL,LPNRR680253561,
2019-07-01T18:41:33+00:00,112-6555811-8185836,HM0742-2240,1,LEX2,SELLABLE,UNDELIVERABLE_REFUSED,Unit returned to inventory,LPNRR757886487,
2019-07-01T18:39:20+00:00,114-1597796-2759423,HM0701-1137,1,SDF9,SELLABLE,APPAREL_TOO_SMALL,Unit returned to inventory,LPNRR661151166,Ordered a size 5 when it should have been a 7 which I already ordered
2019-07-01T17:06:20+00:00,114-7835610-9648268,HM0722-H-38,1,IND8,SELLABLE,APPAREL_TOO_SMALL,Unit returned to inventory,LPNN265548914,
2019-07-01T16:14:31+00:00,112-6180472-1364236,HM0738-H-40,1,RIC9,SELLABLE,QUALITY_UNACCEPTABLE,Unit returned to inventory,LPNRR733699607,Fit / style issue
2019-07-01T15:14:15+00:00,114-5159081-9338654,HM0701-X-39,1,SDF9,SELLABLE,APPAREL_STYLE,Unit returned to inventory,LPNRR661213950,
2019-07-01T14:31:16+00:00,114-6941610-2328212,HM0701-B-41,1,LEX1,SELLABLE,APPAREL_TOO_SMALL,Unit returned to inventory,LPNRR624691264,
2019-07-01T13:45:05+00:00,113-1507640-9165832,HM0701-X-42,1,RIC9,SELLABLE,NOT_COMPATIBLE,Unit returned to inventory,LPNRR712727527,B072FSZK9Y:Item not compatible
