month,sku,average-quantity,end-quantity,fulfillment-center-id,detailed-disposition,country
06/2019,HM0709-1940,0.2,0,DCA1,SELLABLE,US
06/2019,HM0713-742,3,3,ONT6,SELLABLE,US
06/2019,HM0752-3139,3.07,3,MDT2,SELLABLE,US
06/2019,HM0753-936,4,6,MDT2,SELLABLE,US
06/2019,HM0731-Y-38,0.5,0,ABE2,SELLABLE,US
06/2019,HM0701-1840,0.03,0,PHL7,SELLABLE,US
06/2019,HM0731-H-39,0.03,0,MIA7,SELLABLE,US
06/2019,HM0738-H-38,11.33,16,MDT2,SELLABLE,US
06/2019,CAHM0742-2237,3.97,5,MDT2,SELLABLE,US
06/2019,HM0701-R-42,3.87,17,MDT2,SELLABLE,US
06/2019,HM0722-C-38,0.03,1,JFK8,SELLABLE,US
06/2019,HM0701-R-39,0.07,0,MDW4,SELLABLE,US
06/2019,HM0903-1633,4.3,0,MDT2,SELLABLE,US
06/2019,HM0738-L-40,5.93,5,MDT2,SELLABLE,US
06/2019,HM0714-239,4,6,MDT2,SELLABLE,US
06/2019,HM0505-1739/40,30.1,27,IND4,SELLABLE,US
06/2019,HM0751-235,2.8,12,MDT2,SELLABLE,US
06/2019,HM0738-V-39,6.8,8,MDT2,SELLABLE,US
06/2019,HM0753-1942,6.33,17,MDT2,SELLABLE,US
06/2019,HM0738-H-40,8.6,12,MDT2,SELLABLE,US
06/2019,HM0729-L-40,5.33,3,MDT2,SELLABLE,US
06/2019,HM0731-Y-42,0.03,0,PHL7,SELLABLE,US
06/2019,HM0701-B-40,10.4,40,MDT2,SELLABLE,US
06/2019,HM0739-239,7.87,7,BNA3,SELLABLE,US
06/2019,HM0738-V-39,0.03,0,ABE2,SELLABLE,US
06/2019,HM0722-B-40,0.03,0,EWR4,SELLABLE,US
06/2019,HM0701-1235,0.4,0,IND4,SELLABLE,US
06/2019,HM0751-2242,2.33,11,MDT2,SELLABLE,US
06/2019,HM0731-H-39,0.17,0,*XFR,SELLABLE,
06/2019,HM0803-1244,4.47,9,MDT2,SELLABLE,US
06/2019,HM0738-139,0.03,0,ACY1,SELLABLE,US
06/2019,HM0731-H-38,0.6,0,MDT2,SELLABLE,US
06/2019,HM0801-B-45,0.07,0,PHX3,SELLABLE,US
06/2019,HM0738-Z-40,0.03,0,PHX6,SELLABLE,US
06/2019,HM0701-1142,5.97,0,MDT2,SELLABLE,US
06/2019,HM0759-1036,0.03,0,ABE2,SELLABLE,US
06/2019,HM0701-X-37,0.33,0,PHX6,SELLABLE,US
06/2019,HM0801-B-44,0.3,1,ONT6,SELLABLE,US
06/2019,HM0731-H-40,0.03,0,ABE2,SELLABLE,US
06/2019,HM0722-L-40,0.47,0,ACY1,SELLABLE,US
06/2019,HM0713-742,5,5,MDT2,SELLABLE,US
06/2019,HM0744-2039,0.03,1,JFK8,SELLABLE,US
06/2019,HM0701-B-36,5.73,8,MDT2,SELLABLE,US
06/2019,HM0709-1241,0.83,0,IND4,SELLABLE,US
06/2019,HM0731-Z-40,0.13,0,MIA7,SELLABLE,US
06/2019,HM0903-1633,0.03,0,JFK8,SELLABLE,US
06/2019,HM0701-B-39,6.5,0,MDT2,SELLABLE,US
06/2019,HM0729-M-38,4,4,IND4,SELLABLE,US
06/2019,HM0701-B-40,0.03,1,JFK8,SELLABLE,US
06/2019,HM0722-C-35,11.53,15,MDT2,SELLABLE,US
06/2019,HM0744-241,1.27,6,MDT2,SELLABLE,US
06/2019,HM0728-1841,0.03,0,ABE2,SELLABLE,US
06/2019,HM0738-140,0.13,0,ACY1,SELLABLE,US
06/2019,HM0701-H-39,0.03,0,MIA7,SELLABLE,US
06/2019,HM0801-Y-43,6.57,5,MDT2,SELLABLE,US
06/2019,HM0903-1632,1,1,SDF9,SELLABLE,US
06/2019,HM0724-F-36,9.23,6,MDT2,SELLABLE,US
06/2019,HM0729-L-38,0.03,0,SDF8,SELLABLE,US
06/2019,HM0753-941,0.03,0,*XFR,SELLABLE,
06/2019,CAHM0742-2237,2,2,IND4,SELLABLE,US
06/2019,HM0722-H-40,0.03,0,DFW7,SELLABLE,US
06/2019,HM0742-2238,0.23,0,*XFR,SELLABLE,
06/2019,HM0706-M-40,1,1,EWR4,SELLABLE,US
06/2019,HM0505-2039/40,38.67,38,IND4,SELLABLE,US
06/2019,HM0701-H-36,0.07,0,RIC2,SELLABLE,US
06/2019,HM0738-Z-40,0.07,0,LAS2,SELLABLE,US
06/2019,HM0725-2738,5.77,8,MDT2,SELLABLE,US
06/2019,HM0701-2139,0.07,0,LAS2,SELLABLE,US
06/2019,HM0706-L-38,1,1,ONT6,SELLABLE,US
06/2019,HM0701-F-40,0.03,0,*XFR,SELLABLE,
06/2019,HM0742-0240,2.13,6,MDT2,SELLABLE,US
06/2019,HM0731-Y-39,0.07,0,ABE2,SELLABLE,US
06/2019,HM0701-1839,0.03,0,JFK8,SELLABLE,US
06/2019,HM0724-F-37,0.17,1,ACY1,SELLABLE,US
06/2019,HM0701-1239,1.53,0,MDT2,SELLABLE,US
06/2019,HM0719-1037,11.2,15,MDT2,SELLABLE,US
06/2019,HM0701-R-42,0.03,0,SDF9,SELLABLE,US
06/2019,HM0701-R-36,0.03,0,MDW4,SELLABLE,US
06/2019,HM0706-M-37,5,5,MDT2,SELLABLE,US
06/2019,HM0701-X-38,5.5,3,MDT2,SELLABLE,US
06/2019,HM0722-C-38,0.03,0,*XFR,SELLABLE,
06/2019,HM0709-1940,0.83,0,MDT2,SELLABLE,US
06/2019,HM0903-1634,0.37,1,SDF9,SELLABLE,US
06/2019,HM0742-2240,0.1,1,LAS2,CUSTOMER_DAMAGED,US
06/2019,HM0807-143,4.57,4,IND4,SELLABLE,US
06/2019,HM0748-1739,8.9,19,MDT2,SELLABLE,US
06/2019,HM0701-1235,0.2,1,PHX3,SELLABLE,US
06/2019,HM0729-L-42,7.33,6,IND4,SELLABLE,US
06/2019,HM0748-1739,3.27,2,BNA3,SELLABLE,US
06/2019,HM0709-1941,0.07,0,PHL7,SELLABLE,US
06/2019,HM0722-L-35,0.07,0,LEX1,SELLABLE,US
06/2019,HM0752-240,8,12,MDT2,SELLABLE,US
06/2019,HM0505-1733/34,7.2,6,IND4,SELLABLE,US
06/2019,HM0701-2137,0.03,0,*XFR,SELLABLE,
06/2019,HM0726-1139,7,9,MDT2,SELLABLE,US
06/2019,HM0741-0241,0.1,0,DCA1,SELLABLE,US
06/2019,HM0729-L-37,0.43,0,ONT6,SELLABLE,US
06/2019,HM0701-1839,7.5,15,MDT2,SELLABLE,US
06/2019,HM0701-F-40,0.03,0,ABE2,SELLABLE,US
06/2019,HM0903-1632,6,7,MDT2,SELLABLE,US
06/2019,HM0701-B-42,0.2,0,SDF9,SELLABLE,US
06/2019,HM0731-Z-35,0.17,0,MDT2,SELLABLE,US
06/2019,HM0903-1630,0.1,0,*XFR,SELLABLE,
06/2019,HM0722-C-39,5.3,19,MDT2,SELLABLE,US
06/2019,HM0726-1141,4.17,5,MDT2,SELLABLE,US
06/2019,HM0709-237,0.07,0,SDF8,SELLABLE,US
06/2019,HM0747-0141,1.27,5,MDT2,SELLABLE,US
06/2019,HM0725-2537,0.03,0,ABE2,SELLABLE,US
06/2019,HM0737-Z-39,7.13,23,MDT2,SELLABLE,US
06/2019,HM0737-F-40,0.13,0,MIA7,SELLABLE,US
06/2019,HM0737-F-40,2.9,12,MDT2,SELLABLE,US
06/2019,HM0753-939,6.47,17,MDT2,SELLABLE,US
06/2019,HM0709-1239,0.23,0,ACY1,SELLABLE,US
06/2019,HM0740-3239,0.07,0,LAS2,SELLABLE,US
06/2019,HM0725-2539,0.03,0,ABE2,SELLABLE,US
06/2019,HM0741-0239,0.03,0,PHL7,SELLABLE,US
06/2019,HM0752-239,4,6,MDT2,SELLABLE,US
06/2019,HM0709-1936,0.07,0,SDF8,SELLABLE,US
06/2019,HM0801-B-46,1.57,5,MDT2,SELLABLE,US
06/2019,HM0719-1239,1.03,1,DCA1,SELLABLE,US
06/2019,HM0803-3239,1,1,IND1,SELLABLE,US
06/2019,HM0722-L-39,0.13,0,SDF9,SELLABLE,US
06/2019,HM0738-L-39,0.03,0,DCA1,SELLABLE,US
06/2019,HM0731-Y-39,0.07,0,DCA1,SELLABLE,US
06/2019,HM0701-1838,1.97,0,IND4,SELLABLE,US
06/2019,HM0803-1246,0.77,0,MDT2,SELLABLE,US
06/2019,HM0722-C-38,0.1,0,ACY1,SELLABLE,US
06/2019,HM0738-L-37,0.03,0,BNA3,SELLABLE,US
06/2019,HM0724-M-42,0.03,0,ABE2,SELLABLE,US
06/2019,HM0801-B-46,0.03,0,BUF9,SELLABLE,US
06/2019,HM0724-F-38,0.1,0,PHX3,SELLABLE,US
06/2019,HM0701-F-42,5.67,8,MDT2,SELLABLE,US
06/2019,HM0709-1942,0.57,0,PHX3,SELLABLE,US
06/2019,HM0505-1739/40,0.03,0,DTW1,SELLABLE,US
06/2019,HM0731-H-36,7.47,11,MDT2,SELLABLE,US
06/2019,HM0803-1242,1,1,SDF9,SELLABLE,US
06/2019,HM0706-L-37,5,5,MDT2,SELLABLE,US
06/2019,HM0747-0140,0.07,0,RIC9,SELLABLE,US
06/2019,HM0738-H-38,0.03,0,DFW7,SELLABLE,US
06/2019,HM0801-2045,0.27,1,*XFR,SELLABLE,
06/2019,HM0722-C-39,0.13,0,PHX3,SELLABLE,US
06/2019,HM0737-F-38,0.13,0,*XFR,SELLABLE,
06/2019,HM0722-L-39,0.03,0,ACY1,SELLABLE,US
06/2019,HM0731-H-41,0.1,0,DCA1,SELLABLE,US
06/2019,HM0701-1238,2,0,MDT2,SELLABLE,US
06/2019,HM0748-1737,0.63,0,ONT6,SELLABLE,US
06/2019,HM0729-M-40,8.07,11,MDT2,SELLABLE,US
06/2019,HM0729-L-42,0.03,0,SDF8,SELLABLE,US
06/2019,HM0738-V-35,1,1,SDF9,SELLABLE,US
06/2019,HM0738-Z-40,0.6,0,CHA1,SELLABLE,US
06/2019,HM0701-1242,0.03,0,PHL7,SELLABLE,US
06/2019,HM0701-X-36,4.2,18,MDT2,SELLABLE,US
06/2019,HM0803-1645,1.4,6,MDT2,SELLABLE,US
06/2019,HM0803-3246,0.03,1,*XFR,SELLABLE,
06/2019,HM0701-1837,0.03,0,TPA1,SELLABLE,US
06/2019,HM0701-X-37,2.43,0,ONT6,SELLABLE,US
06/2019,HM0803-1246,0.6,0,SDF9,SELLABLE,US
06/2019,HM0738-137,0.03,0,ACY1,SELLABLE,US
06/2019,HM0701-H-39,0.23,0,*XFR,SELLABLE,
06/2019,HM0731-H-37,0.1,0,DCA1,SELLABLE,US
06/2019,HM0747-0139,0.03,0,DCA1,SELLABLE,US
06/2019,HM0706-M-39,0.03,0,MKE1,SELLABLE,US
06/2019,HM0801-B-44,0.03,0,LAS2,SELLABLE,US
06/2019,HM0505-1035/36,20,20,IND4,SELLABLE,US
06/2019,HM0722-X-36,2.9,7,MDT2,SELLABLE,US
06/2019,HM0724-F-37,0.43,1,PHX3,SELLABLE,US
06/2019,HM0731-Z-40,0.03,0,BWI2,SELLABLE,US
06/2019,HM0722-L-38,0.1,0,SDF9,SELLABLE,US
06/2019,HM0722-X-40,0.2,0,CHA1,SELLABLE,US
06/2019,HM0701-F-42,0.17,0,ACY1,SELLABLE,US
06/2019,HM0739-238,0.07,0,CHA1,SELLABLE,US
06/2019,HM0722-X-37,3.77,6,MDT2,SELLABLE,US
06/2019,HM0722-B-38,0.1,0,PHX3,SELLABLE,US
06/2019,HM0505-1739/40,0.03,0,MDW7,SELLABLE,US
06/2019,HM0902-2135,1.4,2,MDT2,SELLABLE,US
06/2019,HM0738-L-39,0.1,0,*XFR,SELLABLE,
06/2019,HM0742-2240,0.27,0,PHX3,SELLABLE,US
06/2019,HM0731-Z-42,0.17,0,*XFR,SELLABLE,
06/2019,HM0738-L-41,1.4,6,MDT2,SELLABLE,US
06/2019,HM0759-3237,2.77,11,MDT2,SELLABLE,US
06/2019,HM0709-1938,0.13,1,IND8,SELLABLE,US
06/2019,HM0733-1739,0.27,1,PHX3,SELLABLE,US
06/2019,HM0701-F-38,0.03,0,SDF8,SELLABLE,US
06/2019,HM0738-L-37,0.1,0,*XFR,SELLABLE,
06/2019,HM0744-2040,0.07,0,DCA1,SELLABLE,US
06/2019,HM0505-2041/42,40,40,IND4,SELLABLE,US
06/2019,HM0722-B-40,0.3,0,SDF9,SELLABLE,US
06/2019,HM0722-B-36,0.37,1,ACY1,WAREHOUSE_DAMAGED,US
06/2019,HM0722-M-39,9.67,10,MDT2,SELLABLE,US
06/2019,HM0739-238,7.7,5,BNA3,SELLABLE,US
06/2019,HM0731-Y-40,2.13,0,MDT2,SELLABLE,US
06/2019,HM0742-0242,11.07,9,MDT2,SELLABLE,US
06/2019,HM0701-X-39,11.23,17,MDT2,SELLABLE,US
06/2019,HM0709-1242,3.07,3,MDT2,SELLABLE,US
06/2019,HM0701-H-40,10.3,38,MDT2,SELLABLE,US
06/2019,HM0722-B-40,0.33,0,*XFR,SELLABLE,
06/2019,HM0751-2241,2.4,12,MDT2,SELLABLE,US
06/2019,HM0724-M-42,4.53,6,MDT2,SELLABLE,US
06/2019,HM0722-H-40,0.17,0,ABE2,SELLABLE,US
06/2019,HM0722-B-37,0.03,0,IND8,SELLABLE,US
06/2019,HM0725-2539,3.53,0,MDT2,SELLABLE,US
06/2019,HM0701-1240,0.07,0,ACY1,SELLABLE,US
06/2019,HM0701-B-39,0.07,0,ACY1,SELLABLE,US
06/2019,HM0706-L-41,2.27,5,MDT2,SELLABLE,US
06/2019,HM0731-H-42,11.97,15,MDT2,SELLABLE,US
06/2019,HM0722-X-40,2.37,0,ONT6,SELLABLE,US
06/2019,HM0722-L-36,0.03,0,BWI2,SELLABLE,US
06/2019,HM0801-B-39,4.9,4,BNA3,SELLABLE,US
06/2019,HM0744-2041,3.3,3,MDT2,SELLABLE,US
06/2019,HM0731-Z-40,0.73,0,DCA1,SELLABLE,US
06/2019,HM0701-B-37,1,1,SDF9,SELLABLE,US
06/2019,HM0738-140,0.2,0,JFK8,SELLABLE,US
06/2019,HM0722-M-36,1,1,IND1,SELLABLE,US
06/2019,HM0701-H-39,0.03,0,MDW4,SELLABLE,US
06/2019,HM0701-1237,0.83,0,IND4,SELLABLE,US
06/2019,HM0709-1938,0.27,1,CHA1,SELLABLE,US
06/2019,HM0747-0138,0.4,0,EWR4,SELLABLE,US
06/2019,HM0739-241,0.2,1,ACY1,SELLABLE,US
06/2019,HM0739-235,12,18,MDT2,SELLABLE,US
06/2019,HM0729-L-39,3.27,0,IND4,SELLABLE,US
06/2019,HM0719-1239,17.17,9,MDT2,SELLABLE,US
06/2019,HM0719-1239,0.53,0,SDF9,SELLABLE,US
06/2019,CAHM0742-2237,0.03,1,JFK8,SELLABLE,US
06/2019,HM0741-0241,3.4,12,MDT2,SELLABLE,US
06/2019,HM0701-B-39,0.07,0,ABE2,SELLABLE,US
06/2019,HM0719-1039,15.67,15,MDT2,SELLABLE,US
06/2019,HM0701-X-41,0.17,1,ACY1,SELLABLE,US
06/2019,HM0706-M-40,0.1,0,BNA3,SELLABLE,US
06/2019,HM0701-X-37,0.83,4,MDT2,SELLABLE,US
06/2019,HM0747-0138,15.3,12,MDT2,SELLABLE,US
06/2019,HM0505-1737/38,0.73,1,SDF8,SELLABLE,US
06/2019,HM0722-B-39,0.03,0,LEX2,SELLABLE,US
06/2019,HM0801-743,10.33,10,MDT2,SELLABLE,US
06/2019,HM0714-240,7.53,11,MDT2,SELLABLE,US
06/2019,HM0731-H-39,0.1,0,DCA1,SELLABLE,US
06/2019,HM0725-2738,0.53,1,DCA1,SELLABLE,US
06/2019,HM0729-L-39,0.03,0,SDF8,SELLABLE,US
06/2019,HM0751-240,1.77,0,MDT2,SELLABLE,US
06/2019,HM0801-B-40,0.53,0,BNA3,SELLABLE,US
06/2019,HM0701-X-38,0.13,0,*XFR,SELLABLE,
06/2019,HM0741-1640,3.93,12,MDT2,SELLABLE,US
06/2019,HM0748-1738,6.1,16,MDT2,SELLABLE,US
06/2019,HM0733-1738,3.57,5,MDT2,SELLABLE,US
06/2019,HM0738-Z-37,3.9,3,MDT2,SELLABLE,US
06/2019,HM0701-R-37,7.93,4,IND4,SELLABLE,US
06/2019,HM0724-F-40,0.27,0,MDT2,SELLABLE,US
06/2019,HM0715-1641,3.83,5,MDT2,SELLABLE,US
06/2019,HM0722-M-40,0.17,0,*XFR,SELLABLE,
06/2019,HM0701-X-42,0.03,0,*XFR,SELLABLE,
06/2019,HM0722-X-40,0.07,0,*XFR,SELLABLE,
06/2019,HM0701-B-40,0.07,0,MIA7,SELLABLE,US
06/2019,HM0707-840,3.7,0,BNA3,SELLABLE,US
06/2019,HM0701-1138,1.4,6,MDT2,SELLABLE,US
06/2019,HM0903-1630,0.03,0,LAS2,SELLABLE,US
06/2019,HM0747-0138,0.1,0,ABE2,SELLABLE,US
06/2019,HM0701-X-42,0.03,0,ACY1,SELLABLE,US
06/2019,HM0803-3243,2.77,11,MDT2,SELLABLE,US
06/2019,HM0724-F-37,0.07,0,LAS2,SELLABLE,US
06/2019,HM0701-X-41,27.6,20,MDT2,SELLABLE,US
06/2019,HM0701-H-41,0.03,1,JFK8,SELLABLE,US
06/2019,HM0729-M-38,0.77,0,ONT2,SELLABLE,US
06/2019,HM0903-1634,0.03,0,LEX2,SELLABLE,US
06/2019,HM0731-Z-42,10.4,43,MDT2,SELLABLE,US
06/2019,HM0751-241,1.83,6,MDT2,SELLABLE,US
06/2019,HM0731-H-38,0.17,0,SDF9,CUSTOMER_DAMAGED,US
06/2019,HM0722-H-40,0.03,0,EWR4,SELLABLE,US
06/2019,HM0738-L-35,4,4,BNA3,SELLABLE,US
06/2019,HM0701-1240,0.03,0,ABE2,SELLABLE,US
06/2019,HM0701-H-36,0.13,1,SDF9,SELLABLE,US
06/2019,HM0722-B-35,0.03,1,*XFR,SELLABLE,
06/2019,HM0722-M-39,0.13,0,ABE2,SELLABLE,US
06/2019,HM0739-138,5.67,5,MDT2,SELLABLE,US
06/2019,HM0738-Z-37,0.1,0,*XFR,SELLABLE,
06/2019,HM0733-1739,0.1,0,*XFR,SELLABLE,
06/2019,HM0701-2135,3.83,3,BNA3,SELLABLE,US
06/2019,HM0722-L-39,0.03,0,IND1,SELLABLE,US
06/2019,HM0701-B-40,0.5,0,SDF9,CUSTOMER_DAMAGED,US
06/2019,HM0701-2138,0.03,0,*XFR,SELLABLE,
06/2019,HM0706-L-38,3.73,2,MDT2,SELLABLE,US
06/2019,HM0505-2041/42,2,2,MDT2,SELLABLE,US
06/2019,HM0722-X-38,12.13,20,MDT2,SELLABLE,US
06/2019,HM0701-H-40,0.1,0,SDF9,SELLABLE,US
06/2019,HM0737-Z-40,14.87,19,MDT2,SELLABLE,US
06/2019,HM0724-F-36,0.03,0,*XFR,SELLABLE,
06/2019,HM0701-H-39,10.13,35,MDT2,SELLABLE,US
06/2019,HM0731-H-38,0.17,1,PHX3,SELLABLE,US
06/2019,HM0713-740,0.43,0,SDF9,SELLABLE,US
06/2019,HM0747-0140,0.4,0,ACY1,SELLABLE,US
06/2019,HM0803-3244,3.33,3,MDT2,SELLABLE,US
06/2019,HM0722-X-40,0.03,0,LEX2,SELLABLE,US
06/2019,HM0742-0237,0.33,0,SDF9,SELLABLE,US
06/2019,HM0722-H-38,0.07,0,SDF9,SELLABLE,US
06/2019,HM0731-Y-38,0.1,0,SDF9,SELLABLE,US
06/2019,HM0738-L-38,3,1,MDT2,SELLABLE,US
06/2019,HM0738-L-37,0.17,0,CHA1,SELLABLE,US
06/2019,HM0801-B-44,0.57,0,CMH1,SELLABLE,US
06/2019,HM0741-0239,3.37,8,MDT2,SELLABLE,US
06/2019,HM0725-139,7.23,0,MDT2,SELLABLE,US
06/2019,HM0722-H-37,1.23,3,MDT2,SELLABLE,US
06/2019,HM0731-Z-40,0.07,0,ABE2,SELLABLE,US
06/2019,HM0753-1939,6.27,17,MDT2,SELLABLE,US
06/2019,HM0747-0139,0.3,0,HIO9,SELLABLE,US
06/2019,HM0724-M-37,7.47,6,MDT2,SELLABLE,US
06/2019,HM0753-1936,4.2,6,MDT2,SELLABLE,US
06/2019,HM0733-1739,0.03,0,LAS2,SELLABLE,US
06/2019,HM0717-140,0.13,1,*XFR,SELLABLE,
06/2019,HM0903-1631,0.03,0,PHL7,SELLABLE,US
06/2019,HM0722-C-37,7.1,14,MDT2,SELLABLE,US
06/2019,HM0744-2042,0.1,0,PHX3,SELLABLE,US
06/2019,HM0801-B-45,0.17,0,SDF9,SELLABLE,US
06/2019,HM0801-B-43,4.13,17,MDT2,SELLABLE,US
06/2019,HM0751-237,2.4,12,MDT2,SELLABLE,US
06/2019,HM0731-Y-37,0.1,0,RIC9,SELLABLE,US
06/2019,HM0722-H-37,0.03,0,PHX3,SELLABLE,US
06/2019,HM0724-M-36,5.77,4,MDT2,SELLABLE,US
06/2019,HM0731-Z-36,2.8,12,MDT2,SELLABLE,US
06/2019,HM0903-1630,0.03,0,JFK8,SELLABLE,US
06/2019,HM0753-1938,0.3,1,DCA1,SELLABLE,US
06/2019,HM0742-2238,7.07,4,MDT2,SELLABLE,US
06/2019,HM0738-139,0.03,0,DCA1,SELLABLE,US
06/2019,HM0737-Z-38,0.67,1,PHX3,SELLABLE,US
06/2019,HM0706-M-40,0.47,1,LEX1,SELLABLE,US
06/2019,HM0505-1741/42,0.33,0,IND1,SELLABLE,US
06/2019,HM0724-F-42,1.83,1,ONT6,SELLABLE,US
06/2019,HM0740-3240,0.43,0,MDT2,SELLABLE,US
06/2019,HM0722-C-38,0.03,1,BWI2,SELLABLE,US
06/2019,HM0731-H-39,0.1,0,MDW4,SELLABLE,US
06/2019,HM0753-1938,5.5,14,MDT2,SELLABLE,US
06/2019,HM0701-1242,0.17,1,ACY1,SELLABLE,US
06/2019,HM0742-2239,18.77,27,MDT2,SELLABLE,US
06/2019,HM0725-2538,1.7,5,MDT2,SELLABLE,US
06/2019,HM0739-237,8,8,BNA3,SELLABLE,US
06/2019,HM0752-3139,0.03,1,JFK8,SELLABLE,US
06/2019,HM0725-140,0.2,0,JFK8,SELLABLE,US
06/2019,HM0505-1739/40,0.03,0,IND1,SELLABLE,US
06/2019,HM0714-241,8,12,MDT2,SELLABLE,US
06/2019,HM0717-140,0.07,0,LAS2,SELLABLE,US
06/2019,HM0728-1841,6.83,8,MDT2,SELLABLE,US
06/2019,HM0715-3238,4.57,4,MDT2,SELLABLE,US
06/2019,HM0803-3246,3.03,2,MDT2,SELLABLE,US
06/2019,HM0731-H-40,0.03,0,PHL7,SELLABLE,US
06/2019,HM0801-B-40,0.03,0,*XFR,SELLABLE,
06/2019,HM0505-1741/42,0.57,0,MDT2,SELLABLE,US
06/2019,HM0742-2240,0.23,1,SDF9,SELLABLE,US
06/2019,HM0731-Y-37,18.53,23,MDT2,SELLABLE,US
06/2019,HM0729-M-38,3.93,4,MDT2,SELLABLE,US
06/2019,HM0701-B-37,0.03,0,*XFR,SELLABLE,
06/2019,HM0709-1938,0.07,0,ABE2,SELLABLE,US
06/2019,HM0803-3246,0.43,0,JFK8,SELLABLE,US
06/2019,HM0731-Z-41,0.17,0,SDF9,SELLABLE,US
06/2019,HM0709-1940,0.17,0,PHX3,SELLABLE,US
06/2019,HM0737-F-39,19.17,27,MDT2,SELLABLE,US
06/2019,HM0738-138,14.23,17,MDT2,SELLABLE,US
06/2019,HM0701-B-40,0.07,2,DCA1,SELLABLE,US
06/2019,HM0701-B-40,0.03,0,ONT6,SELLABLE,US
06/2019,HM0722-H-40,0.03,0,DCA1,SELLABLE,US
06/2019,HM0739-239,3.37,5,MDT2,SELLABLE,US
06/2019,HM0725-139,0.03,0,ABE2,SELLABLE,US
06/2019,HM0711-2639,4,6,MDT2,SELLABLE,US
06/2019,HM0741-1639,3.33,12,MDT2,SELLABLE,US
06/2019,HM0731-Z-37,10.5,12,MDT2,SELLABLE,US
06/2019,HM0751-2240,2.4,12,MDT2,SELLABLE,US
06/2019,HM0801-2045,0.03,0,JFK8,SELLABLE,US
06/2019,HM0701-1237,0.03,0,IND1,SELLABLE,US
06/2019,HM0753-935,3.63,5,MDT2,SELLABLE,US
06/2019,HM0741-1640,0.03,0,*XFR,SELLABLE,
06/2019,HM0729-M-42,5.6,5,IND4,SELLABLE,US
06/2019,HM0733-1740,0.77,0,MDT2,SELLABLE,US
06/2019,HM0738-Z-37,0.03,0,MIA7,SELLABLE,US
06/2019,HM0807-143,0.13,1,SDF9,SELLABLE,US
06/2019,HM0709-1238,4.77,4,IND4,SELLABLE,US
06/2019,HM0719-1241,0.03,0,*XFR,SELLABLE,
06/2019,HM0731-H-38,0.1,0,*XFR,SELLABLE,
06/2019,HM0709-1940,0.03,0,ABE2,SELLABLE,US
06/2019,HM0739-241,0.03,0,*XFR,SELLABLE,
06/2019,HM0733-1741,6,7,MDT2,SELLABLE,US
06/2019,HM0701-B-38,5.27,22,MDT2,SELLABLE,US
06/2019,HM0744-2042,0.2,1,ACY1,SELLABLE,US
06/2019,HM0731-Y-41,0.07,0,SDF9,SELLABLE,US
06/2019,HM0709-1239,0.47,1,EWR9,SELLABLE,US
06/2019,HM0731-Y-39,27.07,31,MDT2,SELLABLE,US
06/2019,HM0701-1236,0.07,0,CHA1,SELLABLE,US
06/2019,HM0753-1941,4.63,11,MDT2,SELLABLE,US
06/2019,HM0719-1239,0.33,1,JFK8,SELLABLE,US
06/2019,HM0731-Y-35,0.4,1,PHX3,SELLABLE,US
06/2019,HM0722-M-40,0.03,0,BUF9,SELLABLE,US
06/2019,HM0747-0140,0.23,0,*XFR,SELLABLE,
06/2019,HM0747-0139,0.03,0,EWR4,SELLABLE,US
06/2019,HM0742-0242,0.03,0,LAS2,SELLABLE,US
06/2019,HM0701-1237,0.2,0,LEX1,SELLABLE,US
06/2019,HM0701-F-36,2.17,2,ONT6,SELLABLE,US
06/2019,HM0747-0135,1,1,IND1,SELLABLE,US
06/2019,HM0701-H-42,20.5,17,MDT2,SELLABLE,US
06/2019,HM0731-Z-38,0.13,0,*XFR,SELLABLE,
06/2019,HM0724-F-41,0.23,0,*XFR,SELLABLE,
06/2019,HM0701-F-41,0.1,0,CHA1,SELLABLE,US
06/2019,HM0722-H-36,4.13,0,MDT2,SELLABLE,US
06/2019,HM0751-2239,2.4,12,MDT2,SELLABLE,US
06/2019,HM0801-2045,6,4,MDT2,SELLABLE,US
06/2019,HM0701-H-41,0.07,0,LAS2,SELLABLE,US
06/2019,HM0505-1745/46,17.6,17,IND4,SELLABLE,US
06/2019,HM0738-H-40,0.03,0,ACY1,SELLABLE,US
06/2019,HM0803-1243,0.1,1,IND8,SELLABLE,US
06/2019,HM0701-1840,0.13,0,*XFR,SELLABLE,
06/2019,HM0742-0240,0.2,0,CHA1,SELLABLE,US
06/2019,HM0738-V-41,0.17,0,BNA3,SELLABLE,US
06/2019,HM0725-139,0.03,0,IND4,SELLABLE,US
06/2019,HM0722-L-40,0.43,0,SDF9,SELLABLE,US
06/2019,HM0701-H-42,0.13,0,ABE2,SELLABLE,US
06/2019,HM0737-Z-36,1.2,6,MDT2,SELLABLE,US
06/2019,HM0737-F-40,0.03,0,EWR4,SELLABLE,US
06/2019,HM0701-H-36,1.87,0,ABE3,SELLABLE,US
06/2019,HM0731-H-38,0.17,0,HIO9,SELLABLE,US
06/2019,HM0719-1239,0.1,0,ABE2,SELLABLE,US
06/2019,HM0751-239,2.6,9,MDT2,SELLABLE,US
06/2019,HM0747-0139,0.23,0,ACY1,SELLABLE,US
06/2019,HM0701-F-42,0.37,0,SDF9,SELLABLE,US
06/2019,HM0733-1737,4.2,6,MDT2,SELLABLE,US
06/2019,HM0701-H-38,0.03,0,PHX3,SELLABLE,US
06/2019,HM0701-X-40,0.03,1,ACY1,SELLABLE,US
06/2019,HM0747-0139,0.07,0,LAS2,SELLABLE,US
06/2019,HM0724-F-36,0.03,0,ACY1,SELLABLE,US
06/2019,HM0706-M-41,4.2,6,MDT2,SELLABLE,US
06/2019,HM0722-L-40,0.13,0,DCA1,SELLABLE,US
06/2019,HM0741-1636,2.77,3,MDT2,SELLABLE,US
06/2019,HM0722-X-40,0.5,0,MDT2,SELLABLE,US
06/2019,HM0753-942,5.87,16,MDT2,SELLABLE,US
06/2019,HM0729-L-37,0.03,0,*XFR,SELLABLE,
06/2019,HM0741-0238,0.17,0,DCA1,SELLABLE,US
06/2019,HM0731-H-37,0.03,0,MKE1,SELLABLE,US
06/2019,HM0731-Z-40,0.3,1,JFK8,SELLABLE,US
06/2019,HM0741-0241,0.03,0,JFK8,SELLABLE,US
06/2019,HM0738-H-39,15.03,19,MDT2,SELLABLE,US
06/2019,HM0801-2045,0.07,0,MIA7,SELLABLE,US
06/2019,HM0737-F-40,0.13,0,SDF9,SELLABLE,US
06/2019,HM0701-X-42,4.17,0,MDT2,SELLABLE,US
06/2019,HM0738-Z-40,0.2,1,SDF9,SELLABLE,US
06/2019,HM0722-M-40,11.73,17,MDT2,SELLABLE,US
06/2019,HM0701-X-40,0.03,0,PHL7,SELLABLE,US
06/2019,HM0719-1241,0.07,0,IND1,SELLABLE,US
06/2019,HM0706-L-37,0.1,0,ONT6,SELLABLE,US
06/2019,HM0759-1037,2.63,11,MDT2,SELLABLE,US
06/2019,HM0725-2535,0.9,0,BNA3,SELLABLE,US
06/2019,HM0724-M-39,0.03,0,*XFR,SELLABLE,
06/2019,HM0903-1635,0.3,0,SDF9,CUSTOMER_DAMAGED,US
06/2019,HM0733-1739,7.63,11,MDT2,SELLABLE,US
06/2019,HM0738-L-39,3.2,4,MDT2,SELLABLE,US
06/2019,HM0741-0236,0.23,1,ACY1,SELLABLE,US
06/2019,HM0709-1940,0.03,0,ONT6,SELLABLE,US
06/2019,HM0740-3240,0.13,0,PHX3,SELLABLE,US
06/2019,HM0724-F-39,0.07,0,SDF9,CUSTOMER_DAMAGED,US
06/2019,HM0725-2536,0.27,1,IND1,SELLABLE,US
06/2019,HM0803-1244,0.03,0,JFK8,SELLABLE,US
06/2019,HM0709-238,2.3,2,IND4,SELLABLE,US
06/2019,HM0738-L-36,0.37,0,PHX3,SELLABLE,US
06/2019,HM0701-H-41,0.07,0,PHX3,SELLABLE,US
06/2019,HM0739-137,8.87,10,MDT2,SELLABLE,US
06/2019,HM0748-1735,2.33,1,BNA3,SELLABLE,US
06/2019,HM0701-H-37,1.27,0,SDF9,SELLABLE,US
06/2019,HM0742-0237,0.03,0,SDF8,SELLABLE,US
06/2019,HM0722-H-40,0.23,0,SDF9,CUSTOMER_DAMAGED,US
06/2019,HM0739-241,3.57,6,MDT2,SELLABLE,US
06/2019,HM0722-L-39,0.03,0,ABE2,SELLABLE,US
06/2019,HM0738-V-35,4.1,3,BNA3,SELLABLE,US
06/2019,HM0903-1634,8.67,7,MDT2,SELLABLE,US
06/2019,HM0744-2042,0.1,0,HIO9,SELLABLE,US
06/2019,HM0722-H-36,0.03,0,CHA1,SELLABLE,US
06/2019,HM0706-L-42,1.83,5,MDT2,SELLABLE,US
06/2019,HM0715-3240,0.03,0,CMH1,SELLABLE,US
06/2019,HM0701-X-38,0.03,0,PHL7,SELLABLE,US
06/2019,HM0701-2138,3.67,3,MDT2,SELLABLE,US
06/2019,HM0741-1635,2.43,2,MDT2,SELLABLE,US
06/2019,HM0724-F-42,2.37,1,MDT2,SELLABLE,US
06/2019,HM0739-242,12.27,18,MDT2,SELLABLE,US
06/2019,HM0742-0239,5.3,21,MDT2,SELLABLE,US
06/2019,HM0722-L-36,0.93,0,MDT2,SELLABLE,US
06/2019,HM0701-F-41,6.13,17,MDT2,SELLABLE,US
06/2019,HM0709-1938,17.43,15,MDT2,SELLABLE,US
06/2019,HM0722-L-39,0.03,0,LEX2,DEFECTIVE,US
06/2019,HM0737-F-37,0.37,0,ACY1,SELLABLE,US
06/2019,HM0505-1739/40,0.73,1,DCA1,SELLABLE,US
06/2019,HM0701-R-40,0.23,1,SDF9,SELLABLE,US
06/2019,HM0731-Y-38,0.2,0,ACY1,SELLABLE,US
06/2019,HM0731-Z-40,0.03,0,SDF8,SELLABLE,US
06/2019,HM0731-Z-39,0.23,0,DCA1,SELLABLE,US
06/2019,HM0738-139,7,19,MDT2,SELLABLE,US
06/2019,HM0707-840,0.03,1,*XFR,SELLABLE,
06/2019,HM0801-B-44,0.13,0,*XFR,SELLABLE,
06/2019,HM0701-H-42,0.07,0,IND1,SELLABLE,US
06/2019,HM0728-1841,0.07,0,SDF9,SELLABLE,US
06/2019,HM0903-1233,1,1,IND4,SELLABLE,US
06/2019,HM0722-B-37,0.1,0,CHA1,SELLABLE,US
06/2019,HM0725-140,8.13,5,MDT2,SELLABLE,US
06/2019,HM0737-F-35,0.4,0,PHX3,SELLABLE,US
06/2019,HM0725-2540,0.03,0,ABE2,SELLABLE,US
06/2019,HM0701-1839,0.13,0,MKE1,SELLABLE,US
06/2019,HM0731-H-39,0.43,0,ACY1,SELLABLE,US
06/2019,HM0722-C-38,0.27,0,PHL7,SELLABLE,US
06/2019,HM0722-H-40,0.03,0,PHL7,SELLABLE,US
06/2019,HM0725-2540,1.27,6,MDT2,SELLABLE,US
06/2019,HM0719-1241,0.03,0,ABE2,SELLABLE,US
06/2019,HM0701-1239,0.03,0,ACY1,SELLABLE,US
06/2019,HM0722-C-38,10.97,1,MDT2,SELLABLE,US
06/2019,HM0753-1935,4.2,6,MDT2,SELLABLE,US
06/2019,HM0505-2031/32,1,1,SDF9,SELLABLE,US
06/2019,HM0733-1742,4,4,MDT2,SELLABLE,US
06/2019,HM0737-F-35,0.03,0,ABE2,SELLABLE,US
06/2019,HM0742-0241,0.1,0,JFK8,SELLABLE,US
06/2019,HM0722-H-39,0.13,0,SDF9,SELLABLE,US
06/2019,HM0701-H-40,0.07,0,CHA1,SELLABLE,US
06/2019,HM0713-740,0.37,0,BNA3,SELLABLE,US
06/2019,HM0724-F-36,0.8,0,PHX3,SELLABLE,US
06/2019,HM0731-Z-38,12.67,16,MDT2,SELLABLE,US
06/2019,HM0742-0238,3.03,1,MDT2,SELLABLE,US
06/2019,HM0724-M-37,0.03,0,EWR4,SELLABLE,US
06/2019,HM0719-1239,0.03,1,*XFR,SELLABLE,
06/2019,HM0722-M-37,1,1,SDF9,SELLABLE,US
06/2019,HM0701-H-36,2.23,10,MDT2,SELLABLE,US
06/2019,HM0722-C-40,0.03,0,PHL7,SELLABLE,US
06/2019,HM0748-1739,0.1,0,PHX6,SELLABLE,US
06/2019,HM0738-L-37,0.1,0,SDF9,SELLABLE,US
06/2019,HM0725-137,1.23,4,MDT2,SELLABLE,US
06/2019,HM0701-X-40,0.13,0,DFW7,SELLABLE,US
06/2019,HM0505-1743/44,1.3,1,MDT2,SELLABLE,US
06/2019,HM0709-1241,1.97,1,SDF9,SELLABLE,US
06/2019,HM0742-2239,0.1,0,ACY1,SELLABLE,US
06/2019,HM0731-H-35,3.87,5,MDT2,SELLABLE,US
06/2019,HM0731-Z-39,0.03,0,ABE2,SELLABLE,US
06/2019,HM0701-F-38,0.1,1,ACY1,SELLABLE,US
06/2019,HM0738-V-39,0.03,0,DCA1,SELLABLE,US
06/2019,HM0738-Z-36,0.07,0,*XFR,SELLABLE,
06/2019,HM0740-3242,2.23,11,MDT2,SELLABLE,US
06/2019,HM0728-1841,0.03,0,*XFR,SELLABLE,
06/2019,HM0701-F-40,0.07,0,ONT6,SELLABLE,US
06/2019,HM0729-M-39,1.13,0,IND4,SELLABLE,US
06/2019,HM0738-L-35,0.03,0,LAS2,SELLABLE,US
06/2019,HM0713-741,21,23,MDT2,SELLABLE,US
06/2019,HM0701-1141,2.4,12,MDT2,SELLABLE,US
06/2019,HM0738-141,2.87,1,MDT2,SELLABLE,US
06/2019,HM0722-X-36,0.87,0,PHX3,SELLABLE,US
06/2019,HM0701-1236,0.8,0,BNA3,SELLABLE,US
06/2019,HM0701-1840,0.03,0,LAS2,SELLABLE,US
06/2019,HM0731-H-39,6.4,17,MDT2,SELLABLE,US
06/2019,HM0701-B-41,0.1,0,IND1,SELLABLE,US
06/2019,HM0722-H-36,0.1,0,JFK8,WAREHOUSE_DAMAGED,US
06/2019,HM0722-H-40,0.13,0,ACY1,SELLABLE,US
06/2019,HM0737-F-38,17.03,14,MDT2,SELLABLE,US
06/2019,HM0740-3241,3.9,16,MDT2,SELLABLE,US
06/2019,HM0722-C-39,0.1,0,LAS2,SELLABLE,US
06/2019,HM0738-V-40,1.53,0,MDT2,SELLABLE,US
06/2019,HM0731-Y-38,0.77,0,CHA1,SELLABLE,US
06/2019,HM0722-L-40,0.03,0,MIA7,SELLABLE,US
06/2019,HM0724-M-42,0.07,0,*XFR,SELLABLE,
06/2019,HM0747-0137,2.57,9,MDT2,SELLABLE,US
06/2019,HM0701-1136,6,6,MDT2,SELLABLE,US
06/2019,HM0753-941,0.17,1,PHL7,SELLABLE,US
06/2019,HM0701-1237,0.1,0,SDF9,SELLABLE,US
06/2019,HM0725-139,0.07,0,IND8,SELLABLE,US
06/2019,HM0701-B-36,0.17,0,PHX3,SELLABLE,US
06/2019,HM0738-139,0.13,0,SDF9,SELLABLE,US
06/2019,HM0722-C-36,2.27,11,MDT2,SELLABLE,US
06/2019,HM0751-238,1.93,9,MDT2,SELLABLE,US
06/2019,HM0724-M-42,0.03,0,LAS2,SELLABLE,US
06/2019,HM0738-140,0.03,0,PHL7,SELLABLE,US
06/2019,HM0741-1642,0.07,0,PHL7,SELLABLE,US
06/2019,HM0505-1741/42,31.1,27,IND4,SELLABLE,US
06/2019,HM0742-0237,0.03,0,*XFR,SELLABLE,
06/2019,HM0701-F-41,0.27,0,PHX3,SELLABLE,US
06/2019,HM0701-X-40,0.3,1,PHX3,WAREHOUSE_DAMAGED,US
06/2019,HM0701-1240,0.13,0,PHL7,SELLABLE,US
06/2019,HM0505-2035/36,20,20,IND4,SELLABLE,US
06/2019,HM0739-241,0.07,0,LEX1,SELLABLE,US
06/2019,HM0701-B-39,0.03,0,JFK8,SELLABLE,US
06/2019,HM0742-2242,0.07,1,DCA1,SELLABLE,US
06/2019,HM0701-H-40,0.07,0,DCA1,SELLABLE,US
06/2019,HM0701-H-41,0.2,0,*XFR,SELLABLE,
06/2019,HM0731-Y-42,0.03,0,LGA9,SELLABLE,US
06/2019,HM0903-1636,0.2,0,SDF9,CUSTOMER_DAMAGED,US
06/2019,HM0731-Y-41,0.4,0,EWR4,SELLABLE,US
06/2019,HM0741-1641,0.03,0,ACY1,SELLABLE,US
06/2019,HM0731-Y-40,0.13,0,DCA1,SELLABLE,US
06/2019,HM0722-L-39,0.07,0,SDF8,SELLABLE,US
06/2019,HM0701-X-38,0.03,0,MIA7,SELLABLE,US
06/2019,HM0722-H-37,0.03,0,LEX1,SELLABLE,US
06/2019,HM0903-1636,4.27,5,MDT2,SELLABLE,US
06/2019,HM0719-1238,1.33,4,MDT2,SELLABLE,US
06/2019,HM0722-L-38,4.87,24,MDT2,SELLABLE,US
06/2019,HM0737-Z-36,0.47,0,SDF9,SELLABLE,US
06/2019,HM0722-H-36,0.03,0,JFK8,SELLABLE,US
06/2019,HM0724-F-38,0.07,0,LAS2,SELLABLE,US
06/2019,HM0801-B-44,0.13,0,HIO9,SELLABLE,US
06/2019,HM0731-Y-41,0.1,0,DCA1,SELLABLE,US
06/2019,HM0701-F-40,4.5,6,MDT2,SELLABLE,US
06/2019,HM0709-1941,0.03,0,*XFR,SELLABLE,
06/2019,HM0701-2141,3.57,4,MDT2,SELLABLE,US
06/2019,HM0505-1735/36,0.7,1,SDF8,SELLABLE,US
06/2019,HM0724-F-42,0.53,0,DCA1,SELLABLE,US
06/2019,HM0724-M-42,0.1,0,PHX3,SELLABLE,US
06/2019,HM0759-1038,2.37,11,MDT2,SELLABLE,US
06/2019,HM0722-H-39,0.03,0,*XFR,SELLABLE,
06/2019,HM0701-1235,2,2,BNA3,SELLABLE,US
06/2019,HM0738-H-38,0.23,0,BNA3,SELLABLE,US
06/2019,HM0701-1135,6,6,MDT2,SELLABLE,US
06/2019,HM0722-H-40,0.07,0,JFK8,SELLABLE,US
06/2019,HM0701-B-42,0.1,0,SDF8,SELLABLE,US
06/2019,HM0711-2641,2.97,3,MDT2,SELLABLE,US
06/2019,HM0722-L-38,0.17,0,*XFR,SELLABLE,
06/2019,HM0701-F-41,0.03,0,LAS2,SELLABLE,US
06/2019,HM0801-B-44,0.13,1,SDF9,SELLABLE,US
06/2019,HM0738-V-41,0.03,0,MDT2,SELLABLE,US
06/2019,HM0706-L-39,0.63,0,ONT6,SELLABLE,US
06/2019,HM0740-3239,0.07,0,PHX3,SELLABLE,US
06/2019,HM0722-H-38,0.03,0,MIA7,SELLABLE,US
06/2019,HM0803-3245,0.03,0,DFW7,SELLABLE,US
06/2019,HM0747-0136,2,2,MDT2,SELLABLE,US
06/2019,HM0737-Z-38,0.13,0,*XFR,SELLABLE,
06/2019,HM0733-1740,0.17,0,DCA1,SELLABLE,US
06/2019,HM0739-135,2,2,BNA3,SELLABLE,US
06/2019,HM0731-Y-40,0.13,0,ACY1,SELLABLE,US
06/2019,HM0722-L-37,0.07,0,*XFR,SELLABLE,
06/2019,HM0505-1731/32,1,1,IND1,SELLABLE,US
06/2019,HM0722-H-36,0.83,0,MDT2,CUSTOMER_DAMAGED,US
06/2019,HM0709-1936,0.87,0,MDT2,SELLABLE,US
06/2019,HM0731-Y-36,0.03,0,DCA1,SELLABLE,US
06/2019,HM0738-Z-36,0.07,0,LAS2,SELLABLE,US
06/2019,HM0725-140,0.03,0,ABE2,SELLABLE,US
06/2019,HM0722-L-37,2.63,11,MDT2,SELLABLE,US
06/2019,HM0751-241,0.1,1,ABE2,SELLABLE,US
06/2019,HM0803-3244,1.43,1,SDF9,SELLABLE,US
06/2019,HM0701-R-36,0.03,1,RIC9,SELLABLE,US
06/2019,HM0701-H-35,0.03,0,ABE2,SELLABLE,US
06/2019,HM0801-Y-45,6.5,5,MDT2,SELLABLE,US
06/2019,HM0722-L-37,0.03,0,SDF8,SELLABLE,US
06/2019,HM0709-1241,0.03,0,IND1,SELLABLE,US
06/2019,HM0731-Y-35,0.13,0,*XFR,SELLABLE,
06/2019,HM0725-2539,0.03,0,ACY1,SELLABLE,US
06/2019,HM0505-1743/44,11.47,10,IND4,SELLABLE,US
06/2019,HM0731-Y-38,17.3,9,MDT2,SELLABLE,US
06/2019,HM0701-B-40,0.03,0,*XFR,SELLABLE,
06/2019,HM0752-3140,3.57,5,MDT2,SELLABLE,US
06/2019,HM0738-137,0.03,0,JFK8,SELLABLE,US
06/2019,HM0751-236,2.8,12,MDT2,SELLABLE,US
06/2019,HM0722-C-38,0.03,1,DCA1,SELLABLE,US
06/2019,HM0738-V-36,0.03,0,*XFR,SELLABLE,
06/2019,HM0731-Z-42,0.1,0,LAS2,SELLABLE,US
06/2019,HM0701-2141,0.03,0,RIC9,SELLABLE,US
06/2019,HM0903-1634,0.03,0,JFK8,SELLABLE,US
06/2019,HM0706-L-38,1,1,SDF9,SELLABLE,US
06/2019,HM0729-M-42,0.03,0,OAK4,SELLABLE,US
06/2019,HM0747-0139,0.17,1,*XFR,SELLABLE,
06/2019,HM0739-242,0.53,1,ONT6,SELLABLE,US
06/2019,HM0701-X-41,0.03,1,JFK8,SELLABLE,US
06/2019,HM0706-L-40,5.4,14,MDT2,SELLABLE,US
06/2019,HM0505-1039/40,2,2,MDT2,SELLABLE,US
06/2019,HM0903-1634,0.1,0,CHA1,SELLABLE,US
06/2019,HM0744-2042,0.17,0,*XFR,SELLABLE,
06/2019,HM0742-0237,2.03,0,IND4,SELLABLE,US
06/2019,HM0753-938,6.8,18,MDT2,SELLABLE,US
06/2019,HM0731-Z-39,0.03,0,ONT6,SELLABLE,US
06/2019,HM0731-Y-38,0.17,1,IND4,SELLABLE,US
06/2019,HM0724-F-38,0.1,0,*XFR,SELLABLE,
06/2019,HM0722-L-40,0.03,0,*XFR,SELLABLE,
06/2019,HM0722-C-39,0.07,0,DFW7,SELLABLE,US
06/2019,HM0701-R-42,0.03,0,IND4,SELLABLE,US
06/2019,HM0701-F-41,0.07,0,ABE2,SELLABLE,US
06/2019,HM0701-1138,0.23,0,SDF9,SELLABLE,US
06/2019,HM0748-1740,8.5,6,BNA3,SELLABLE,US
06/2019,HM0742-0241,7.5,11,MDT2,SELLABLE,US
06/2019,HM0739-242,0.1,0,*XFR,SELLABLE,
06/2019,HM0747-0139,0.2,1,PHX3,SELLABLE,US
06/2019,HM0719-1241,3.4,0,MDT2,SELLABLE,US
06/2019,HM0701-F-41,0.13,0,*XFR,SELLABLE,
06/2019,HM0701-F-36,0.67,0,CHA1,SELLABLE,US
06/2019,HM0722-B-37,0.37,2,*XFR,SELLABLE,
06/2019,HM0759-1040,2.8,12,MDT2,SELLABLE,US
06/2019,HM0701-1139,2.23,11,MDT2,SELLABLE,US
06/2019,HM0505-1039/40,34.67,34,IND4,SELLABLE,US
06/2019,HM0759-1038,0.03,1,DCA1,SELLABLE,US
06/2019,HM0739-238,0.4,1,ONT6,SELLABLE,US
06/2019,HM0722-B-38,0.13,0,IND1,SELLABLE,US
06/2019,HM0744-240,3.27,1,MDT2,SELLABLE,US
06/2019,HM0753-941,0.03,0,ACY1,SELLABLE,US
06/2019,HM0801-744,0.6,0,SDF9,SELLABLE,US
06/2019,HM0722-B-37,0.03,0,LEX2,CUSTOMER_DAMAGED,US
06/2019,HM0706-M-37,3,3,BNA3,SELLABLE,US
06/2019,HM0731-H-41,0.03,1,EWR4,SELLABLE,US
06/2019,HM0701-H-41,16.37,65,MDT2,SELLABLE,US
06/2019,HM0731-Y-41,0.1,0,LEX1,SELLABLE,US
06/2019,HM0741-0238,4.7,12,MDT2,SELLABLE,US
06/2019,HM0722-C-39,0.03,1,DCA1,SELLABLE,US
06/2019,HM0722-B-37,5.47,11,MDT2,SELLABLE,US
06/2019,HM0738-C-36,1,1,MDT2,SELLABLE,US
06/2019,HM0737-Z-37,0.03,0,PHX3,SELLABLE,US
06/2019,HM0742-2239,0.17,1,LAS2,CUSTOMER_DAMAGED,US
06/2019,HM0731-Z-40,24.8,3,MDT2,SELLABLE,US
06/2019,HM0701-X-35,1,1,ONT6,SELLABLE,US
06/2019,HM0701-R-36,3.97,2,BNA3,SELLABLE,US
06/2019,HM0701-1840,0.2,0,PHX3,SELLABLE,US
06/2019,HM0740-3239,0.07,1,ACY1,SELLABLE,US
06/2019,HM0801-B-41,0.03,0,CHA1,SELLABLE,US
06/2019,HM0701-F-35,6.83,8,MDT2,SELLABLE,US
06/2019,HM0711-2642,4,6,MDT2,SELLABLE,US
06/2019,HM0719-1242,5.3,0,MDT2,SELLABLE,US
06/2019,HM0724-M-39,0.23,1,ACY1,SELLABLE,US
06/2019,HM0701-1242,0.4,0,ONT6,SELLABLE,US
06/2019,HM0701-2140,2.17,6,MDT2,SELLABLE,US
06/2019,HM0701-H-36,0.03,1,JFK8,SELLABLE,US
06/2019,HM0742-2240,12.73,7,MDT2,SELLABLE,US
06/2019,HM0738-L-39,0.17,1,PHX3,SELLABLE,US
06/2019,HM0801-2039,1,1,SDF9,SELLABLE,US
06/2019,HM0505-1741/42,0.03,0,DCA1,SELLABLE,US
06/2019,HM0748-1741,0.17,1,EWR4,SELLABLE,US
06/2019,HM0753-1940,0.03,0,ACY1,SELLABLE,US
06/2019,HM0701-1242,5.33,2,MDT2,SELLABLE,US
06/2019,HM0505-1739/40,0.33,1,SDF9,SELLABLE,US
06/2019,HM0720-139,2.37,2,MDT2,SELLABLE,US
06/2019,HM0742-2238,0.07,0,BUF9,SELLABLE,US
06/2019,HM0751-2238,2.4,12,MDT2,SELLABLE,US
06/2019,HM0731-Z-39,0.03,0,IND8,SELLABLE,US
06/2019,HM0803-3246,0.03,0,LAS2,SELLABLE,US
06/2019,HM0722-M-37,6,6,MDT2,SELLABLE,US
06/2019,HM0725-139,0.07,0,SDF9,SELLABLE,US
06/2019,HM0701-B-41,0.03,0,*XFR,SELLABLE,
06/2019,HM0722-H-37,0.1,0,SDF9,SELLABLE,US
06/2019,HM0722-C-39,0.17,0,ONT2,SELLABLE,US
06/2019,HM0731-H-41,0.27,0,JFK8,SELLABLE,US
06/2019,HM0505-1031/32,17,17,IND4,SELLABLE,US
06/2019,HM0722-C-39,0.5,0,*XFR,SELLABLE,
06/2019,HM0709-1940,0.2,0,JFK8,SELLABLE,US
06/2019,HM0722-B-38,0.3,0,*XFR,SELLABLE,
06/2019,HM0722-L-37,0.13,0,TPA1,SELLABLE,US
06/2019,HM0731-Z-36,0.7,0,SDF9,SELLABLE,US
06/2019,HM0701-R-35,0.03,0,*XFR,SELLABLE,
06/2019,HM0719-1039,0.03,0,JFK8,SELLABLE,US
06/2019,HM0701-H-40,0.03,0,ABE2,SELLABLE,US
06/2019,HM0722-C-40,0.23,0,SDF9,SELLABLE,US
06/2019,HM0701-X-40,0.2,0,ONT6,SELLABLE,US
06/2019,HM0731-Z-40,0.03,0,PHX3,SELLABLE,US
06/2019,HM0724-F-42,1,1,PHX3,SELLABLE,US
06/2019,HM0722-H-40,0.13,0,SDF9,SELLABLE,US
06/2019,HM0709-241,4.2,6,MDT2,SELLABLE,US
06/2019,HM0505-2037/38,2,2,MDT2,SELLABLE,US
06/2019,HM0737-Z-38,0.07,0,DFW7,SELLABLE,US
06/2019,HM0701-R-35,0.03,0,FTW6,SELLABLE,US
06/2019,HM0903-1635,0.27,0,ACY1,SELLABLE,US
06/2019,HM0740-3240,0.03,0,SDF9,SELLABLE,US
06/2019,HM0722-B-39,0.07,0,SDF9,SELLABLE,US
06/2019,HM0709-1941,0.03,0,ACY1,SELLABLE,US
06/2019,HM0722-C-40,0.03,0,ABE2,SELLABLE,US
06/2019,HM0751-242,2.27,8,MDT2,SELLABLE,US
06/2019,HM0722-B-37,0.17,0,PHX3,SELLABLE,US
06/2019,HM0731-Y-39,0.23,1,ACY1,SELLABLE,US
06/2019,HM0731-Z-40,0.13,1,LAS2,SELLABLE,US
06/2019,HM0731-H-41,0.17,0,PHL7,SELLABLE,US
06/2019,HM0742-0240,0.3,0,ABE2,SELLABLE,US
06/2019,HM0722-C-39,0.1,0,SDF9,SELLABLE,US
06/2019,HM0701-1842,0.4,0,MDT2,SELLABLE,US
06/2019,HM0701-R-39,0.03,0,MIA7,SELLABLE,US
06/2019,HM0738-L-40,0.1,1,*XFR,SELLABLE,
06/2019,HM0731-Z-39,15.03,38,MDT2,SELLABLE,US
06/2019,HM0731-Y-36,5.27,4,MDT2,SELLABLE,US
06/2019,HM0748-1741,0.07,0,SDF8,SELLABLE,US
06/2019,HM0505-1737/38,0.03,0,JFK8,SELLABLE,US
06/2019,HM0505-2035/36,1,1,MDT2,SELLABLE,US
06/2019,HM0701-H-38,0.03,0,*XFR,SELLABLE,
06/2019,HM0737-Z-40,0.03,0,PHL7,SELLABLE,US
06/2019,HM0701-H-36,0.03,0,LEX2,SELLABLE,US
06/2019,HM0741-1638,3.43,11,MDT2,SELLABLE,US
06/2019,HM0722-L-37,0.17,0,SDF9,SELLABLE,US
06/2019,HM0738-V-38,2,1,BNA3,SELLABLE,US
06/2019,HM0729-L-39,0.03,0,IND1,SELLABLE,US
06/2019,HM0701-2137,1.4,6,MDT2,SELLABLE,US
06/2019,HM0722-H-38,12.73,59,MDT2,SELLABLE,US
06/2019,HM0737-Z-36,0.77,0,MDW4,SELLABLE,US
06/2019,HM0740-3240,0.2,0,*XFR,SELLABLE,
06/2019,HM0722-H-40,0.03,1,LAS2,SELLABLE,US
06/2019,HM0738-Z-41,0.07,0,ACY1,SELLABLE,US
06/2019,HM0742-0240,0.07,0,*XFR,SELLABLE,
06/2019,HM0726-1140,4.83,6,MDT2,SELLABLE,US
06/2019,HM0753-940,6.53,16,MDT2,SELLABLE,US
06/2019,HM0731-Z-39,0.03,0,ACY1,SELLABLE,US
06/2019,HM0801-B-41,2.7,2,BNA3,SELLABLE,US
06/2019,HM0744-2042,3.03,1,MDT2,SELLABLE,US
06/2019,HM0701-1140,0.03,0,*XFR,SELLABLE,
06/2019,HM0731-Y-41,6.5,22,MDT2,SELLABLE,US
06/2019,HM0706-M-38,5.67,5,BNA3,SELLABLE,US
06/2019,HM0733-1241,3.43,4,MDT2,SELLABLE,US
06/2019,HM0747-0140,2.07,4,MDT2,SELLABLE,US
06/2019,HM0701-H-36,0.03,0,EWR4,SELLABLE,US
06/2019,HM0748-1739,0.1,0,LAS2,SELLABLE,US
06/2019,HM0709-238,3.3,4,MDT2,SELLABLE,US
06/2019,HM0738-L-41,0.1,0,ONT6,SELLABLE,US
06/2019,HM0722-M-35,2.77,2,BNA3,SELLABLE,US
06/2019,HM0803-3241,1,1,BNA3,SELLABLE,US
06/2019,HM0722-H-38,0.23,0,SDF9,CUSTOMER_DAMAGED,US
06/2019,HM0753-937,0.53,1,DCA1,SELLABLE,US
06/2019,HM0719-1242,0.03,0,JFK8,SELLABLE,US
06/2019,HM0701-H-36,0.03,0,ABE2,SELLABLE,US
06/2019,HM0801-745,0.03,1,ONT2,SELLABLE,US
06/2019,HM0759-1036,2.73,11,MDT2,SELLABLE,US
06/2019,HM0701-1236,0.03,0,CMH1,SELLABLE,US
06/2019,HM0701-F-36,4,4,MDT2,SELLABLE,US
06/2019,HM0737-Z-38,15.83,21,MDT2,SELLABLE,US
06/2019,HM0801-744,2.8,12,MDT2,SELLABLE,US
06/2019,HM0701-1240,0.03,0,LAS2,SELLABLE,US
06/2019,HM0741-1641,3.63,10,MDT2,SELLABLE,US
06/2019,HM0722-B-39,0.07,0,IND1,SELLABLE,US
06/2019,HM0741-0237,0.17,0,DCA1,SELLABLE,US
06/2019,HM0709-240,0.3,0,ONT6,SELLABLE,US
06/2019,HM0738-V-35,2,2,MDT2,SELLABLE,US
06/2019,HM0725-2739,1.2,6,MDT2,SELLABLE,US
06/2019,HM0747-0136,1.93,0,BNA3,SELLABLE,US
06/2019,HM0737-F-37,0.3,0,MDT2,SELLABLE,US
06/2019,HM0701-2138,0.03,0,ACY1,SELLABLE,US
06/2019,HM0731-Z-42,0.07,0,PHX3,SELLABLE,US
06/2019,HM0725-2739,0.07,0,*XFR,SELLABLE,
06/2019,HM0701-F-35,0.03,0,DCA1,SELLABLE,US
06/2019,HM0803-3245,0.07,0,*XFR,SELLABLE,
06/2019,HM0709-1935,3.43,2,MDT2,SELLABLE,US
06/2019,HM0737-F-38,0.03,0,MIA7,SELLABLE,US
06/2019,HM0744-2035,6,6,MDT2,SELLABLE,US
06/2019,HM0738-Z-40,3.27,1,MDT2,SELLABLE,US
06/2019,HM0738-H-38,0.03,0,PHL7,SELLABLE,US
06/2019,HM0724-F-41,0.07,0,MIA7,SELLABLE,US
06/2019,HM0731-Z-36,0.5,0,PHX6,SELLABLE,US
06/2019,HM0903-1234,1.73,2,MDT2,SELLABLE,US
06/2019,HM0722-C-39,0.07,0,MIA7,SELLABLE,US
06/2019,HM0739-136,7.3,8,MDT2,SELLABLE,US
06/2019,HM0701-X-41,0.03,0,PHL7,SELLABLE,US
06/2019,HM0738-Z-39,0.03,0,SDF9,SELLABLE,US
06/2019,HM0742-0241,0.2,0,EWR4,SELLABLE,US
06/2019,HM0747-0139,2.7,2,MDT2,SELLABLE,US
06/2019,HM0729-L-38,0.43,0,IND4,SELLABLE,US
06/2019,HM0709-1237,5.57,5,IND4,SELLABLE,US
06/2019,HM0701-B-36,0.9,0,PHL7,SELLABLE,US
06/2019,HM0728-1841,0.13,0,ACY1,SELLABLE,US
06/2019,HM0725-2538,0.5,0,SDF9,SELLABLE,US
06/2019,HM0741-1640,0.07,0,ABE2,SELLABLE,US
06/2019,HM0505-1739/40,0.5,0,JFK8,SELLABLE,US
06/2019,HM0701-F-36,0.03,0,*XFR,SELLABLE,
06/2019,HM0722-B-38,10.2,43,MDT2,SELLABLE,US
06/2019,HM0731-Y-35,0.07,0,LAS2,SELLABLE,US
06/2019,HM0801-2045,0.03,0,DCA1,SELLABLE,US
06/2019,HM0803-3245,9.17,8,ONT6,SELLABLE,US
06/2019,HM0715-3239,9,9,BNA3,SELLABLE,US
06/2019,HM0701-X-40,0.27,0,*XFR,SELLABLE,
06/2019,HM0731-Z-40,0.07,0,PHL7,SELLABLE,US
06/2019,HM0738-Z-38,1.2,0,MDT2,SELLABLE,US
06/2019,HM0724-M-38,5.8,14,MDT2,SELLABLE,US
06/2019,HM0722-C-40,0.1,1,*XFR,SELLABLE,
06/2019,HM0722-M-38,0.03,1,JFK8,SELLABLE,US
06/2019,HM0701-B-41,23.27,7,MDT2,SELLABLE,US
06/2019,HM0752-3141,4,6,MDT2,SELLABLE,US
06/2019,HM0747-0140,0.2,0,DCA1,SELLABLE,US
06/2019,HM0709-239,5.6,0,MDT2,SELLABLE,US
06/2019,HM0722-M-38,2.9,1,MDT2,SELLABLE,US
06/2019,HM0722-B-38,0.03,0,MIA7,SELLABLE,US
06/2019,HM0709-1940,0.03,0,LAS2,SELLABLE,US
06/2019,HM0751-241,0.03,1,PHL7,SELLABLE,US
06/2019,HM0722-B-37,0.1,0,SMF9,SELLABLE,US
06/2019,HM0742-2238,0.03,1,JFK8,SELLABLE,US
06/2019,HM0738-V-40,0.07,0,BNA3,SELLABLE,US
06/2019,HM0701-1236,0.07,0,*XFR,SELLABLE,
06/2019,HM0701-F-41,0.03,0,LEX2,SELLABLE,US
06/2019,HM0709-1938,0.07,0,*XFR,SELLABLE,
06/2019,HM0701-1240,0.03,0,DCA1,SELLABLE,US
06/2019,HM0701-B-39,0.03,0,DCA1,SELLABLE,US
06/2019,HM0748-1740,0.07,0,EWR4,SELLABLE,US
06/2019,HM0724-F-37,0.07,0,*XFR,SELLABLE,
06/2019,HM0701-F-39,0.03,0,JFK8,SELLABLE,US
06/2019,HM0726-1141,0.03,1,ACY1,SELLABLE,US
06/2019,HM0733-1241,0.13,0,JFK8,SELLABLE,US
06/2019,HM0701-H-36,0.03,0,ACY1,SELLABLE,US
06/2019,HM0701-2139,0.03,0,PHX3,SELLABLE,US
06/2019,HM0726-1138,4,6,MDT2,SELLABLE,US
06/2019,HM0709-1942,0.67,0,MDT2,SELLABLE,US
06/2019,HM0722-B-38,0.03,0,LEX2,SELLABLE,US
06/2019,HM0701-1236,0.03,0,LEX2,SELLABLE,US
06/2019,HM0722-B-38,0.03,1,DCA1,SELLABLE,US
06/2019,HM0701-X-40,22.8,16,MDT2,SELLABLE,US
06/2019,HM0709-240,0.23,0,MDT2,SELLABLE,US
06/2019,HM0731-H-40,42.47,56,MDT2,SELLABLE,US
06/2019,HM0741-0236,2.6,1,MDT2,SELLABLE,US
06/2019,HM0903-1233,4,6,MDT2,SELLABLE,US
06/2019,HM0701-2137,0.5,0,IND4,SELLABLE,US
06/2019,HM0706-M-40,9.5,13,MDT2,SELLABLE,US
06/2019,HM0505-1037/38,17,17,IND4,SELLABLE,US
06/2019,HM0737-F-35,2.63,11,MDT2,SELLABLE,US
06/2019,HM0701-H-41,0.1,0,OKC9,SELLABLE,US
06/2019,HM0701-2137,0.37,1,PHX6,SELLABLE,US
06/2019,HM0741-0237,2.93,2,MDT2,SELLABLE,US
06/2019,HM0803-3044,0.8,0,MDT2,SELLABLE,US
06/2019,HM0731-Z-40,0.07,0,EWR4,SELLABLE,US
06/2019,HM0725-137,0.03,1,PHL7,SELLABLE,US
06/2019,HM0722-M-35,0.07,0,SDF8,SELLABLE,US
06/2019,HM0724-M-39,23.4,24,MDT2,SELLABLE,US
06/2019,HM0741-0240,3.23,9,MDT2,SELLABLE,US
06/2019,HM0731-Y-35,8.4,12,MDT2,SELLABLE,US
06/2019,HM0731-Y-42,0.1,0,EWR4,SELLABLE,US
06/2019,HM0711-2640,2.23,1,MDT2,SELLABLE,US
06/2019,HM0701-F-37,4.43,10,MDT2,SELLABLE,US
06/2019,HM0748-1737,0.03,0,*XFR,SELLABLE,
06/2019,HM0731-Z-35,0.07,0,*XFR,SELLABLE,
06/2019,HM0715-1639,7.47,11,MDT2,SELLABLE,US
06/2019,HM0505-1737/38,0.33,0,MDT2,SELLABLE,US
06/2019,HM0731-Z-39,0.17,0,SDF9,SELLABLE,US
06/2019,HM0701-1140,0.07,0,ACY1,SELLABLE,US
06/2019,HM0739-240,25.4,26,MDT2,SELLABLE,US
06/2019,HM0701-H-36,0.03,0,CHA1,SELLABLE,US
06/2019,HM0722-B-39,10.6,40,MDT2,SELLABLE,US
06/2019,HM0731-H-37,0.03,0,CMH1,SELLABLE,US
06/2019,HM0505-2033/34,16,16,IND4,SELLABLE,US
06/2019,HM0701-H-36,0.13,0,*XFR,SELLABLE,
06/2019,HM0722-L-38,0.17,0,OKC9,SELLABLE,US
06/2019,HM0739-238,0.13,0,*XFR,SELLABLE,
06/2019,HM0741-0235,1.77,0,MDT2,SELLABLE,US
06/2019,HM0701-1840,0.3,0,SDF9,SELLABLE,US
06/2019,HM0725-2538,0.07,0,MIA7,SELLABLE,US
06/2019,HM0753-1941,0.13,1,DCA1,SELLABLE,US
06/2019,HM0737-Z-37,0.1,0,*XFR,SELLABLE,
06/2019,HM0722-B-35,0.07,0,LEX1,SELLABLE,US
06/2019,HM0753-937,0.03,0,EWR4,SELLABLE,US
06/2019,HM0738-L-40,1,1,EWR4,SELLABLE,US
06/2019,HM0701-R-42,0.43,0,IND1,SELLABLE,US
06/2019,HM0717-140,5.27,3,IND4,SELLABLE,US
06/2019,HM0701-B-37,0.03,0,EWR4,SELLABLE,US
06/2019,HM0741-0242,3.63,11,MDT2,SELLABLE,US
06/2019,HM0709-1940,0.17,0,*XFR,SELLABLE,
06/2019,HM0731-Y-37,0.4,1,MDW4,SELLABLE,US
06/2019,HM0803-3244,1.57,1,IND4,SELLABLE,US
06/2019,HM0701-B-36,0.07,0,PHX6,SELLABLE,US
06/2019,HM0738-136,4.2,18,MDT2,SELLABLE,US
06/2019,HM0701-H-42,0.03,0,*XFR,SELLABLE,
06/2019,HM0731-Z-38,0.07,0,PHL7,SELLABLE,US
06/2019,HM0713-740,1.07,3,MDT2,SELLABLE,US
06/2019,HM0701-H-41,0.03,0,SDF9,SELLABLE,US
06/2019,HM0701-1137,1,1,TPA1,SELLABLE,US
06/2019,HM0701-1240,0.03,1,ONT6,SELLABLE,US
06/2019,HM0903-1633,0.1,1,SDF9,SELLABLE,US
06/2019,HM0803-3245,4.07,4,MDT2,SELLABLE,US
06/2019,HM0801-B-40,0.63,0,SDF8,SELLABLE,US
06/2019,HM0701-2139,4.13,8,MDT2,SELLABLE,US
06/2019,HM0724-F-37,6.2,5,MDT2,SELLABLE,US
06/2019,HM0752-241,3.53,5,MDT2,SELLABLE,US
06/2019,HM0701-H-40,0.13,0,*XFR,SELLABLE,
06/2019,HM0741-0239,0.03,1,JFK8,SELLABLE,US
06/2019,HM0722-H-38,0.03,0,LEX1,SELLABLE,US
06/2019,HM0742-2241,0.03,0,ACY1,SELLABLE,US
06/2019,HM0701-1137,3.37,2,IND4,SELLABLE,US
06/2019,HM0701-1140,5.47,8,MDT2,SELLABLE,US
06/2019,HM0731-Z-36,0.5,0,ONT6,SELLABLE,US
06/2019,HM0741-1640,0.07,0,BDL2,SELLABLE,US
06/2019,HM0709-1940,0.07,0,SDF9,SELLABLE,US
06/2019,HM0722-L-40,11.5,1,MDT2,SELLABLE,US
06/2019,HM0701-B-41,0.2,1,ABE2,SELLABLE,US
06/2019,HM0505-1743/44,0.3,0,SDF9,SELLABLE,US
06/2019,HM0722-B-39,0.33,1,*XFR,SELLABLE,
06/2019,HM0731-Z-35,0.03,0,LEX2,SELLABLE,US
06/2019,HM0751-2235,2.3,11,MDT2,SELLABLE,US
06/2019,HM0731-Z-39,0.03,0,SDF8,SELLABLE,US
06/2019,HM0752-238,3.3,4,MDT2,SELLABLE,US
06/2019,HM0724-F-41,0.07,1,RIC2,SELLABLE,US
06/2019,HM0903-1236,4,6,MDT2,SELLABLE,US
06/2019,HM0724-F-39,0.07,0,MIA7,SELLABLE,US
06/2019,HM0742-2241,4.07,3,MDT2,SELLABLE,US
06/2019,HM0724-F-42,0.2,0,SDF9,SELLABLE,US
06/2019,HM0722-H-40,12.67,36,MDT2,SELLABLE,US
06/2019,HM0715-3238,0.03,0,PHL7,SELLABLE,US
06/2019,HM0738-V-36,0.5,1,DFW7,SELLABLE,US
06/2019,HM0724-M-41,4,16,MDT2,SELLABLE,US
06/2019,HM0741-0241,0.03,0,ABE2,SELLABLE,US
06/2019,HM0701-1841,4.87,9,MDT2,SELLABLE,US
06/2019,HM0707-839,3.93,5,MDT2,SELLABLE,US
06/2019,HM0731-H-38,0.03,0,ACY1,SELLABLE,US
06/2019,HM0738-L-40,0.03,0,LAS2,SELLABLE,US
06/2019,HM0739-239,0.03,0,*XFR,SELLABLE,
06/2019,HM0722-B-38,0.33,0,SDF9,SELLABLE,US
06/2019,HM0722-H-38,0.03,0,IND1,SELLABLE,US
06/2019,HM0729-L-39,0.03,0,*XFR,SELLABLE,
06/2019,HM0505-1737/38,8.1,4,IND4,SELLABLE,US
06/2019,HM0709-1239,6.1,3,MDT2,SELLABLE,US
06/2019,HM0701-F-38,0.17,0,SDF9,SELLABLE,US
06/2019,HM0709-1938,0.03,0,LEX2,SELLABLE,US
06/2019,HM0739-239,0.03,0,TPA1,SELLABLE,US
06/2019,HM0709-240,0.03,0,SDF8,SELLABLE,US
06/2019,HM0748-1737,0.5,0,SDF9,SELLABLE,US
06/2019,HM0742-2240,0.03,0,PHL7,SELLABLE,US
06/2019,HM0752-3138,3.53,5,MDT2,SELLABLE,US
06/2019,HM0731-Z-40,0.17,0,ACY1,SELLABLE,US
06/2019,HM0753-941,4.73,10,MDT2,SELLABLE,US
06/2019,HM0737-Z-35,0.6,0,IND4,SELLABLE,US
06/2019,HM0801-B-41,0.1,0,*XFR,SELLABLE,
06/2019,HM0748-1741,8.2,5,BNA3,SELLABLE,US
06/2019,HM0722-X-39,0.13,0,HIO9,SELLABLE,US
06/2019,HM0722-L-36,0.03,0,DCA1,SELLABLE,US
06/2019,HM0722-M-39,0.03,0,PHL7,SELLABLE,US
06/2019,HM0753-937,0.47,1,ACY1,SELLABLE,US
06/2019,HM0728-1841,0.13,1,SDF8,SELLABLE,US
06/2019,HM0733-1240,4,8,MDT2,SELLABLE,US
06/2019,HM0722-H-38,0.03,0,SDF8,SELLABLE,US
06/2019,HM0701-H-42,0.07,0,DCA1,SELLABLE,US
06/2019,HM0505-1733/34,0.27,0,SDF9,SELLABLE,US
06/2019,HM0709-1940,0.03,0,SDF8,SELLABLE,US
06/2019,HM0722-X-39,0.03,0,ONT6,SELLABLE,US
06/2019,HM0701-1240,10.6,9,MDT2,SELLABLE,US
06/2019,HM0701-2139,0.1,0,*XFR,SELLABLE,
06/2019,HM0801-B-45,9.77,8,MDT2,SELLABLE,US
06/2019,HM0722-B-37,0.03,0,LEX2,SELLABLE,US
06/2019,HM0505-2037/38,17,17,IND4,SELLABLE,US
06/2019,HM0722-X-39,0.03,1,DCA1,SELLABLE,US
06/2019,HM0706-L-40,0.03,0,PHL7,SELLABLE,US
06/2019,HM0722-B-37,0.07,0,LAS2,SELLABLE,US
06/2019,HM0701-H-38,0.03,0,DCA1,SELLABLE,US
06/2019,HM0801-B-44,0.3,0,SDF8,SELLABLE,US
06/2019,HM0803-1241,4,4,ONT6,SELLABLE,US
06/2019,HM0903-1631,3.2,1,MDT2,SELLABLE,US
06/2019,HM0801-2045,0.03,0,OAK4,SELLABLE,US
06/2019,HM0801-Y-43,0.03,0,PHL7,SELLABLE,US
06/2019,HM0701-X-40,0.13,1,DCA1,SELLABLE,US
06/2019,HM0701-1241,0.07,1,JFK8,SELLABLE,US
06/2019,HM0709-237,4.2,1,IND4,SELLABLE,US
06/2019,HM0724-F-39,0.37,0,*XFR,SELLABLE,
06/2019,HM0701-F-41,0.17,0,SDF9,CUSTOMER_DAMAGED,US
06/2019,HM0731-H-37,14.33,15,MDT2,SELLABLE,US
06/2019,HM0740-3239,2.17,9,MDT2,SELLABLE,US
06/2019,HM0731-Z-39,0.23,1,*XFR,SELLABLE,
06/2019,HM0759-3236,2.8,12,MDT2,SELLABLE,US
06/2019,HM0706-L-38,0.03,0,ACY1,SELLABLE,US
06/2019,HM0738-Z-35,5,5,BNA3,SELLABLE,US
06/2019,HM0801-746,1.2,6,MDT2,SELLABLE,US
06/2019,HM0738-Z-40,0.03,0,*XFR,SELLABLE,
06/2019,HM0701-X-35,12,18,MDT2,SELLABLE,US
06/2019,HM0719-1241,0.03,0,JFK8,SELLABLE,US
06/2019,HM0759-1039,2.6,11,MDT2,SELLABLE,US
06/2019,HM0739-237,16.77,23,MDT2,SELLABLE,US
06/2019,HM0801-B-40,0.43,1,FTW6,SELLABLE,US
06/2019,HM0701-B-39,0.07,0,ONT6,SELLABLE,US
06/2019,HM0701-H-35,0.27,0,ONT2,SELLABLE,US
06/2019,HM0738-V-35,1,1,ONT6,SELLABLE,US
06/2019,HM0731-H-42,0.03,0,ABE2,SELLABLE,US
06/2019,HM0738-Z-36,1,1,BNA3,SELLABLE,US
06/2019,HM0741-1642,0.03,0,ABE2,SELLABLE,US
06/2019,HM0722-H-38,0.07,1,ACY1,SELLABLE,US
06/2019,HM0706-L-38,0.93,1,DCA1,SELLABLE,US
06/2019,HM0713-740,0.03,0,*XFR,SELLABLE,
06/2019,HM0722-C-38,0.03,0,ABE2,SELLABLE,US
06/2019,HM0722-X-39,4.63,22,MDT2,SELLABLE,US
06/2019,HM0738-139,0.03,0,*XFR,SELLABLE,
06/2019,HM0706-L-39,15.7,19,MDT2,SELLABLE,US
06/2019,HM0701-R-40,7.27,22,MDT2,SELLABLE,US
06/2019,HM0738-V-36,2.03,1,BNA3,SELLABLE,US
06/2019,HM0709-1241,14.4,14,MDT2,SELLABLE,US
06/2019,HM0701-R-39,0.3,0,MDT2,SELLABLE,US
06/2019,HM0739-237,0.2,0,SDF9,CUSTOMER_DAMAGED,US
06/2019,HM0719-1237,0.03,0,PHL7,SELLABLE,US
06/2019,HM0739-137,2,2,BNA3,SELLABLE,US
06/2019,HM0722-B-39,0.07,0,BUF9,SELLABLE,US
06/2019,HM0731-Z-40,0.4,0,*XFR,SELLABLE,
06/2019,HM0722-X-35,0.33,0,SDF9,SELLABLE,US
06/2019,HM0715-3240,3.47,3,BNA3,SELLABLE,US
06/2019,HM0739-135,0.73,1,SDF9,SELLABLE,US
06/2019,HM0738-V-36,0.07,1,SDF9,SELLABLE,US
06/2019,HM0725-2537,0.03,0,*XFR,SELLABLE,
06/2019,HM0725-2537,1.97,6,MDT2,SELLABLE,US
06/2019,HM0903-1235,4,6,MDT2,SELLABLE,US
06/2019,HM0722-B-36,11.07,13,MDT2,SELLABLE,US
06/2019,HM0722-L-35,0.03,1,*XFR,SELLABLE,
06/2019,HM0801-B-44,2.4,0,IND4,SELLABLE,US
06/2019,HM0722-L-35,1.97,1,MDT2,SELLABLE,US
06/2019,HM0505-1733/34,0.7,1,SDF8,SELLABLE,US
06/2019,HM0722-B-38,0.03,1,JFK8,SELLABLE,US
06/2019,HM0753-1940,5.57,14,MDT2,SELLABLE,US
06/2019,HM0725-2738,0.03,0,PHL7,SELLABLE,US
06/2019,HM0724-F-36,0.03,0,JFK8,SELLABLE,US
06/2019,HM0729-M-42,0.03,0,*XFR,SELLABLE,
06/2019,HM0701-H-35,0.1,0,RIC2,SELLABLE,US
06/2019,HM0709-1936,0.47,1,SDF9,SELLABLE,US
06/2019,HM0742-2242,6.6,8,MDT2,SELLABLE,US
06/2019,HM0753-1937,4.2,6,MDT2,SELLABLE,US
06/2019,HM0701-2141,0.17,0,*XFR,SELLABLE,
06/2019,HM0719-1038,6.83,5,MDT2,SELLABLE,US
06/2019,HM0733-1742,0.97,0,ACY1,SELLABLE,US
06/2019,HM0722-B-38,0.07,0,LAS2,SELLABLE,US
06/2019,HM0724-F-41,0.13,1,MDW4,SELLABLE,US
06/2019,HM0722-H-40,0.03,0,CHA1,SELLABLE,US
06/2019,HM0738-137,13.2,9,MDT2,SELLABLE,US
06/2019,HM0719-1242,0.03,0,*XFR,SELLABLE,
06/2019,HM0729-M-37,8,8,IND4,SELLABLE,US
06/2019,HM0731-Y-35,1,1,CHA1,SELLABLE,US
06/2019,HM0737-Z-40,0.03,0,ABE2,SELLABLE,US
06/2019,HM0729-L-41,5.63,5,MDT2,SELLABLE,US
06/2019,HM0701-R-39,0.03,0,PHL7,SELLABLE,US
06/2019,HM0731-Z-39,0.07,0,JFK8,SELLABLE,US
06/2019,HM0701-1240,0.03,0,*XFR,SELLABLE,
06/2019,HM0801-743,0.77,0,ACY1,SELLABLE,US
06/2019,HM0739-141,5.37,8,MDT2,SELLABLE,US
06/2019,HM0731-H-41,24.67,25,MDT2,SELLABLE,US
06/2019,HM0701-X-37,0.03,0,MDW4,SELLABLE,US
06/2019,HM0731-Z-41,0.07,0,PHX3,SELLABLE,US
06/2019,HM0701-R-38,4.07,17,MDT2,SELLABLE,US
06/2019,HM0701-X-40,0.03,1,IND1,SELLABLE,US
06/2019,HM0722-B-37,0.23,1,SDF9,SELLABLE,US
06/2019,HM0709-1941,0.03,0,LEX2,SELLABLE,US
06/2019,HM0741-1641,0.03,1,JFK8,SELLABLE,US
06/2019,HM0722-B-35,6.5,3,MDT2,SELLABLE,US
06/2019,HM0738-H-38,0.03,0,*XFR,SELLABLE,
06/2019,HM0738-L-39,0.03,0,LAS2,SELLABLE,US
06/2019,HM0803-3239,6,6,ONT6,SELLABLE,US
06/2019,HM0701-X-40,0.03,0,PHX6,SELLABLE,US
06/2019,HM0759-3235,2.63,11,MDT2,SELLABLE,US
06/2019,HM0722-H-36,0.03,0,LEX2,SELLABLE,US
06/2019,HM0739-139,4.33,12,MDT2,SELLABLE,US
06/2019,HM0744-2037,6,6,MDT2,SELLABLE,US
06/2019,HM0737-F-35,0.03,0,*XFR,SELLABLE,
06/2019,HM0739-237,0.03,1,JFK8,SELLABLE,US
06/2019,HM0725-2537,0.03,0,ACY1,SELLABLE,US
06/2019,HM0801-745,1.03,5,MDT2,SELLABLE,US
06/2019,HM0747-0136,1,1,PHX3,SELLABLE,US
06/2019,HM0701-1235,0.07,0,*XFR,SELLABLE,
06/2019,HM0709-1239,0.5,1,ABE2,SELLABLE,US
06/2019,HM0738-140,4.93,16,MDT2,SELLABLE,US
06/2019,HM0902-2133,2,3,MDT2,SELLABLE,US
06/2019,HM0724-F-41,0.07,0,ABE2,SELLABLE,US
06/2019,HM0803-3244,16.63,16,ONT6,SELLABLE,US
06/2019,HM0731-Y-38,0.1,0,EWR4,SELLABLE,US
06/2019,HM0719-1038,0.03,1,JFK8,SELLABLE,US
06/2019,HM0701-X-38,0.33,1,ABE2,SELLABLE,US
06/2019,HM0759-3238,2.8,12,MDT2,SELLABLE,US
06/2019,HM0740-3239,0.1,0,*XFR,SELLABLE,
06/2019,HM0742-2241,0.03,1,DCA1,SELLABLE,US
06/2019,HM0737-Z-37,0.1,0,LAS2,SELLABLE,US
06/2019,HM0701-1841,0.1,0,CHA1,SELLABLE,US
06/2019,HM0737-Z-39,0.33,0,ACY1,SELLABLE,US
06/2019,HM0738-V-40,0.33,1,SDF9,SELLABLE,US
06/2019,HM0701-R-41,4.63,12,MDT2,SELLABLE,US
06/2019,HM0744-2042,0.07,0,DCA1,SELLABLE,US
06/2019,HM0903-1630,0.5,1,PHX3,SELLABLE,US
06/2019,HM0737-F-38,0.37,0,JFK8,SELLABLE,US
06/2019,HM0709-1941,1.23,0,MDT2,SELLABLE,US
06/2019,HM0505-1745/46,1.17,0,MDT2,SELLABLE,US
06/2019,HM0738-C-35,2,2,MDT2,SELLABLE,US
06/2019,HM0722-C-35,0.37,0,PHL7,SELLABLE,US
06/2019,HM0731-Y-37,0.07,0,ACY1,SELLABLE,US
06/2019,HM0741-1642,4.07,12,MDT2,SELLABLE,US
06/2019,HM0701-H-37,15.97,14,MDT2,SELLABLE,US
06/2019,HM0701-X-37,0.07,0,BUF9,SELLABLE,US
06/2019,HM0722-B-37,1,1,MOB9,SELLABLE,US
06/2019,HM0748-1740,0.03,0,*XFR,SELLABLE,
06/2019,HM0731-Y-40,0.03,0,SDF9,SELLABLE,US
06/2019,HM0738-Z-36,0.23,0,PHX3,SELLABLE,US
06/2019,HM0701-1235,0.03,0,LAS2,SELLABLE,US
06/2019,HM0701-R-35,3.13,1,BNA3,SELLABLE,US
06/2019,HM0725-136,2.4,12,MDT2,SELLABLE,US
06/2019,HM0724-F-41,0.23,0,JFK8,SELLABLE,US
06/2019,HM0741-0239,0.17,1,DCA1,SELLABLE,US
06/2019,HM0505-1739/40,5.47,4,MDT2,SELLABLE,US
06/2019,HM0731-Z-40,0.1,1,SDF9,SELLABLE,US
06/2019,HM0724-F-35,14.8,21,MDT2,SELLABLE,US
06/2019,HM0729-L-37,4,4,IND4,SELLABLE,US
06/2019,HM0903-1635,9.93,9,MDT2,SELLABLE,US
06/2019,HM0713-738,4.63,4,MDT2,SELLABLE,US
06/2019,HM0719-1039,0.03,0,ABE2,SELLABLE,US
06/2019,HM0701-F-38,3.43,15,MDT2,SELLABLE,US
06/2019,HM0701-B-42,0.47,0,SDF9,CUSTOMER_DAMAGED,US
06/2019,HM0748-1737,0.83,0,BNA3,SELLABLE,US
06/2019,HM0724-F-41,14.3,4,MDT2,SELLABLE,US
06/2019,HM0505-2031/32,15,15,IND4,SELLABLE,US
06/2019,HM0759-3239,2.4,12,MDT2,SELLABLE,US
06/2019,HM0739-140,31.33,43,MDT2,SELLABLE,US
06/2019,HM0701-B-37,1,1,BNA3,SELLABLE,US
06/2019,HM0505-1033/34,15,15,IND4,SELLABLE,US
06/2019,HM0728-1837,9.77,9,MDT2,SELLABLE,US
06/2019,HM0701-B-37,7.93,11,MDT2,SELLABLE,US
06/2019,HM0731-Z-41,0.1,0,*XFR,SELLABLE,
06/2019,HM0722-L-40,0.07,0,JFK8,SELLABLE,US
06/2019,HM0738-H-40,0.03,0,PHL7,SELLABLE,US
06/2019,HM0722-C-40,8.7,0,MDT2,SELLABLE,US
06/2019,HM0903-1630,3.8,4,MDT2,SELLABLE,US
06/2019,HM0722-H-40,0.03,0,IND1,SELLABLE,US
06/2019,HM0737-F-40,0.2,0,*XFR,SELLABLE,
06/2019,HM0701-R-40,0.03,0,PHL7,SELLABLE,US
06/2019,HM0731-Z-37,0.1,1,DCA1,SELLABLE,US
06/2019,HM0701-2137,0.2,0,SDF9,CUSTOMER_DAMAGED,US
06/2019,HM0739-238,0.1,0,HIO9,SELLABLE,US
06/2019,HM0801-2045,0.3,0,PHX3,SELLABLE,US
06/2019,HM0803-1243,1.07,0,MDT2,SELLABLE,US
06/2019,HM0709-1940,0.03,0,LEX2,SELLABLE,US
06/2019,HM0709-1242,4.6,4,IND4,SELLABLE,US
06/2019,HM0759-1035,2.4,12,MDT2,SELLABLE,US
06/2019,HM0729-M-42,0.03,0,ONT6,SELLABLE,US
06/2019,HM0719-1237,0.63,1,EWR4,SELLABLE,US
06/2019,HM0701-H-35,0.07,0,SDF9,SELLABLE,US
06/2019,HM0722-B-40,8.03,45,MDT2,SELLABLE,US
06/2019,HM0722-C-40,0.07,0,RIC2,SELLABLE,US
06/2019,HM0701-X-39,0.07,0,ACY1,SELLABLE,US
06/2019,HM0719-1242,0.03,0,ABE2,SELLABLE,US
06/2019,HM0722-B-40,0.07,0,MOB9,SELLABLE,US
06/2019,HM0701-1840,4.13,5,MDT2,SELLABLE,US
06/2019,HM0722-L-39,0.03,1,LAS2,SELLABLE,US
06/2019,HM0725-138,2.4,12,MDT2,SELLABLE,US
06/2019,HM0701-R-36,0.73,0,SDF9,SELLABLE,US
06/2019,HM0701-H-38,0.03,0,JFK8,SELLABLE,US
06/2019,HM0701-B-42,3.1,11,MDT2,SELLABLE,US
06/2019,HM0701-B-41,0.03,1,JFK8,SELLABLE,US
06/2019,HM0744-239,1.2,6,MDT2,SELLABLE,US
06/2019,HM0725-2540,0.1,0,*XFR,SELLABLE,
06/2019,HM0748-1741,0.03,0,*XFR,SELLABLE,
06/2019,HM0729-M-37,1,1,PHX6,SELLABLE,US
06/2019,HM0722-H-37,0.03,0,LAS2,SELLABLE,US
06/2019,HM0803-3245,0.33,0,PHX3,SELLABLE,US
06/2019,HM0725-2739,0.07,0,LAS2,SELLABLE,US
06/2019,HM0701-F-39,5.13,32,MDT2,SELLABLE,US
06/2019,HM0701-1138,0.27,0,PHX3,SELLABLE,US
06/2019,HM0722-M-39,0.6,1,JFK8,SELLABLE,US
06/2019,HM0709-238,1,1,CHA1,SELLABLE,US
06/2019,HM0722-H-37,0.1,0,*XFR,SELLABLE,
06/2019,HM0706-L-41,0.03,0,ACY1,SELLABLE,US
06/2019,HM0722-H-36,0.03,0,EWR4,SELLABLE,US
06/2019,HM0725-140,0.3,1,ACY1,SELLABLE,US
06/2019,HM0724-M-40,9.17,8,MDT2,SELLABLE,US
06/2019,HM0707-839,2.3,2,BNA3,SELLABLE,US
06/2019,HM0706-M-39,12.4,17,MDT2,SELLABLE,US
06/2019,HM0801-745,1,1,MDW4,SELLABLE,US
06/2019,HM0725-2538,0.23,0,ONT6,SELLABLE,US
06/2019,HM0739-236,3.53,5,MDT2,SELLABLE,US
06/2019,HM0731-Y-40,0.07,0,PHL5,SELLABLE,US
06/2019,HM0731-Y-38,0.03,0,*XFR,SELLABLE,
06/2019,HM0902-2134,2,3,MDT2,SELLABLE,US
06/2019,HM0737-Z-38,0.03,0,LAS2,SELLABLE,US
06/2019,HM0738-V-38,3.73,5,MDT2,SELLABLE,US
06/2019,HM0739-240,0.13,0,ACY1,SELLABLE,US
06/2019,HM0722-B-39,0.07,0,ACY1,SELLABLE,US
06/2019,HM0722-C-38,0.1,0,SDF9,SELLABLE,US
06/2019,HM0719-1237,12.9,15,MDT2,SELLABLE,US
06/2019,HM0731-Z-35,0.2,1,CHA1,SELLABLE,US
06/2019,HM0803-3242,1.2,6,MDT2,SELLABLE,US
06/2019,HM0722-L-39,5.33,19,MDT2,SELLABLE,US
06/2019,HM0731-Y-37,0.03,0,*XFR,SELLABLE,
06/2019,HM0722-H-38,0.07,0,*XFR,SELLABLE,
06/2019,HM0801-B-44,9.07,3,MDT2,SELLABLE,US
06/2019,HM0748-1737,0.33,0,PHX3,SELLABLE,US
06/2019,HM0701-2135,0.03,0,CMH1,SELLABLE,US
06/2019,HM0731-Z-42,0.13,0,JFK8,SELLABLE,US
06/2019,HM0722-H-40,0.1,0,*XFR,SELLABLE,
06/2019,HM0719-1242,0.1,0,ACY1,SELLABLE,US
06/2019,HM0738-L-35,0.83,1,ONT2,SELLABLE,US
06/2019,HM0724-F-42,0.03,0,*XFR,SELLABLE,
06/2019,HM0739-235,1,1,BNA3,SELLABLE,US
06/2019,HM0722-L-38,0.23,0,SDF9,CUSTOMER_DAMAGED,US
06/2019,HM0701-X-37,0.17,0,*XFR,SELLABLE,
06/2019,HM0701-1137,1,1,IND1,SELLABLE,US
06/2019,HM0701-X-39,0.07,0,DCA1,SELLABLE,US
06/2019,HM0701-B-37,0.07,0,EWR9,SELLABLE,US
06/2019,HM0731-Y-42,5.13,11,MDT2,SELLABLE,US
06/2019,HM0725-2537,0.1,0,DCA1,SELLABLE,US
06/2019,HM0731-Z-41,0.07,0,LAS2,SELLABLE,US
06/2019,HM0725-2540,0.03,0,BUF9,SELLABLE,US
06/2019,HM0701-X-42,0.07,0,ABE2,SELLABLE,US
06/2019,HM0709-1940,0.03,1,CHA1,SELLABLE,US
06/2019,HM0701-B-39,0.1,0,*XFR,SELLABLE,
06/2019,HM0701-B-42,0.03,0,JFK8,SELLABLE,US
06/2019,HM0801-B-45,0.03,0,PHL7,SELLABLE,US
06/2019,HM0505-1735/36,8.9,8,IND4,SELLABLE,US
06/2019,HM0731-H-41,0.03,0,*XFR,SELLABLE,
06/2019,HM0722-B-37,0.17,0,ONT6,SELLABLE,US
06/2019,HM0801-B-40,0.17,0,SDF9,SELLABLE,US
06/2019,HM0720-1038,4,6,MDT2,SELLABLE,US
06/2019,HM0738-140,0.17,0,SDF9,SELLABLE,US
06/2019,HM0737-Z-37,0.17,0,MDT2,SELLABLE,US
06/2019,HM0738-Z-37,0.03,0,DCA1,SELLABLE,US
06/2019,HM0742-0242,0.57,1,ONT6,SELLABLE,US
06/2019,HM0740-3240,0.1,0,LAS2,SELLABLE,US
06/2019,HM0701-1241,10.03,10,MDT2,SELLABLE,US
06/2019,HM0701-R-39,0.23,1,*XFR,SELLABLE,
06/2019,HM0742-2241,0.03,0,PHL7,SELLABLE,US
06/2019,HM0701-1137,0.03,0,SDF8,SELLABLE,US
06/2019,HM0701-H-35,5.43,1,ABE3,SELLABLE,US
06/2019,HM0737-Z-38,0.13,0,SDF9,SELLABLE,US
06/2019,HM0717-140,0.33,0,SDF8,SELLABLE,US
06/2019,HM0801-B-44,0.33,0,PHX3,SELLABLE,US
06/2019,HM0801-2043,12.17,12,MDT2,SELLABLE,US
06/2019,HM0739-141,0.77,0,ACY1,SELLABLE,US
06/2019,HM0731-Y-35,2.7,2,BNA3,SELLABLE,US
06/2019,HM0753-937,2,1,MDT2,SELLABLE,US
06/2019,HM0505-1731/32,13,13,IND4,SELLABLE,US
06/2019,HM0722-L-40,0.03,0,ABE2,SELLABLE,US
06/2019,HM0713-740,0.13,1,DCA1,SELLABLE,US
06/2019,HM0731-Y-41,0.03,0,ACY1,SELLABLE,US
06/2019,HM0722-L-39,0.07,0,*XFR,SELLABLE,
06/2019,HM0744-2038,5.1,4,MDT2,SELLABLE,US
06/2019,HM0739-142,2.6,2,MDT2,SELLABLE,US
06/2019,HM0722-L-40,0.03,0,SDF8,SELLABLE,US
06/2019,HM0801-2045,0.03,0,PHL7,SELLABLE,US
06/2019,HM0744-2039,4.23,2,MDT2,SELLABLE,US
06/2019,HM0741-0235,0.33,0,ACY1,SELLABLE,US
06/2019,HM0722-X-40,0.03,0,LAS2,SELLABLE,US
06/2019,HM0725-2538,0.33,0,*XFR,SELLABLE,
06/2019,HM0722-H-39,0.07,0,MDT2,SELLABLE,US
06/2019,HM0731-Y-38,0.3,0,DCA1,SELLABLE,US
06/2019,HM0701-2136,10.33,10,MDT2,SELLABLE,US
06/2019,HM0722-H-36,0.07,0,*XFR,SELLABLE,
06/2019,HM0733-1239,7.27,8,MDT2,SELLABLE,US
06/2019,HM0505-1041/42,34,34,IND4,SELLABLE,US
06/2019,HM0759-3240,2.4,12,MDT2,SELLABLE,US
06/2019,HM0722-X-40,0.1,0,PHX3,SELLABLE,US
06/2019,HM0801-B-46,0.17,0,*XFR,SELLABLE,
06/2019,HM0725-2536,0.1,0,*XFR,SELLABLE,
06/2019,HM0722-L-39,0.03,0,PHL7,SELLABLE,US
06/2019,HM0725-2536,0.07,0,LEX1,SELLABLE,US
06/2019,HM0722-B-39,0.03,0,PHL7,SELLABLE,US
06/2019,HM0739-242,0.37,0,SMF9,SELLABLE,US
06/2019,HM0701-H-38,6.9,13,MDT2,SELLABLE,US
06/2019,HM0713-739,28.63,32,MDT2,SELLABLE,US
06/2019,HM0709-1941,0.1,0,DCA1,SELLABLE,US
06/2019,HM0505-1041/42,4,4,MDT2,SELLABLE,US
06/2019,HM0701-R-37,0.03,0,LEX1,SELLABLE,US
06/2019,HM0801-745,3.53,2,ONT6,SELLABLE,US
06/2019,HM0741-1637,2.83,2,MDT2,SELLABLE,US
06/2019,HM0722-C-40,0.03,0,LAS2,SELLABLE,US
06/2019,HM0744-2036,5,5,MDT2,SELLABLE,US
06/2019,HM0505-1745/46,0.7,1,SDF8,SELLABLE,US
06/2019,HM0725-2740,1.27,0,MDT2,SELLABLE,US
06/2019,HM0731-Z-35,0.03,0,JFK8,SELLABLE,US
06/2019,HM0505-1733/34,0.7,1,IND1,SELLABLE,US
